dataset_id,dataset_title,dataset_slug,dataset_page,resource_id,resource_title,resource_url,resource_last_modified,organization_or_owner,error_type,resource_found_by,initial_version_name,is_valid_v_0.1.0,is_valid_v_0.1.1,is_valid_v_0.1.2,is_valid_v_0.1.3,is_valid_v_0.1.4,is_valid_one_version,most_recent_valid_version,is_downloaded,is_empty,is_schema_version_to_update,is_schema_to_add,is_schema_to_drop,resource_schema_update_success,producer_notification_success,schema_name,is_schema_version_updated,is_schema_added,is_schema_dropped
5ea1add4a5a7dac3af82310a,Base Nationale des Lieux de Stationnement,base-nationale-des-lieux-de-stationnement,https://demo.data.gouv.fr/fr/datasets/base-nationale-des-lieux-de-stationnement/,f33cbfe8-5181-48ad-a1d4-a5d99bfa3de1,20210502-bnls.csv,https://static.data.gouv.fr/resources/base-nationale-des-lieux-de-stationnement/20210502-172806/bnls-2-.csv,2021-05-02T17:29:46.328000,equipe-transport-data-gouv-fr,,1 - schema request,,False,False,False,False,True,True,0.1.4,True,False,True,False,False,True,,etalab/schema-stationnement,True,False,False
5f6fa03971a139dff97a7431,Base Locale des Lieux de Stationnement - Metz Métropole,base-locale-des-lieux-de-stationnement-metz-metropole,https://demo.data.gouv.fr/fr/datasets/base-locale-des-lieux-de-stationnement-metz-metropole/,5ccdcfdc-0a8b-4524-9b59-7f0212e4ad5c,Base Locale des Lieux de Stationnement - Metz Métropole,https://si.metzmetropole.fr/fiches/opendata/agd/stationnement_metzmetropole.csv,2020-10-08T15:41:38.824000,metz-metropole,,1 - schema request,,False,False,False,False,True,True,0.1.4,True,False,True,False,False,True,,etalab/schema-stationnement,True,False,False
5ea1add4a5a7dac3af82310a,Base Nationale des Lieux de Stationnement,base-nationale-des-lieux-de-stationnement,https://demo.data.gouv.fr/fr/datasets/base-nationale-des-lieux-de-stationnement/,fd792448-1307-44a0-ad55-3ffca47d6b55,20200430-bnls.csv,https://static.data.gouv.fr/resources/base-nationale-des-lieux-de-stationnement/20200430-143216/20200430-bnls.csv,2020-08-11T09:50:52.304000,equipe-transport-data-gouv-fr,,1 - schema request,,False,False,False,False,False,False,,False,,False,False,True,True,,etalab/schema-stationnement,False,False,True
5ea1add4a5a7dac3af82310a,Base Nationale des Lieux de Stationnement,base-nationale-des-lieux-de-stationnement,https://demo.data.gouv.fr/fr/datasets/base-nationale-des-lieux-de-stationnement/,8d2e47ba-5a49-4e93-9e3e-0c69756be2ae,20200604-bnls.csv,https://static.data.gouv.fr/resources/base-nationale-des-lieux-de-stationnement/20200604-174831/20200604-bnls.csv,2020-08-11T09:50:37.608000,equipe-transport-data-gouv-fr,,1 - schema request,,False,False,False,False,True,True,0.1.4,True,False,True,False,False,True,,etalab/schema-stationnement,True,False,False
5ea1add4a5a7dac3af82310a,Base Nationale des Lieux de Stationnement,base-nationale-des-lieux-de-stationnement,https://demo.data.gouv.fr/fr/datasets/base-nationale-des-lieux-de-stationnement/,e32f7675-913b-4e01-b8c8-0a29733e4407,bnls.csv,https://static.data.gouv.fr/resources/base-nationale-des-lieux-de-stationnement/20210502-172910/bnls-2-.csv,2021-07-21T11:55:38.230000,equipe-transport-data-gouv-fr,,1 - schema request,,False,False,False,False,True,True,0.1.4,True,False,True,False,False,True,,etalab/schema-stationnement,True,False,False
5ea1add4a5a7dac3af82310a,Base Nationale des Lieux de Stationnement,base-nationale-des-lieux-de-stationnement,https://demo.data.gouv.fr/fr/datasets/base-nationale-des-lieux-de-stationnement/,84082505-4d0a-4cf4-8b0a-ca327946ac64,20200605-bnls.csv,https://static.data.gouv.fr/resources/base-nationale-des-lieux-de-stationnement/20200605-154544/20200605-bnls.csv,2020-08-11T09:50:24.742000,equipe-transport-data-gouv-fr,,1 - schema request,,False,False,False,False,True,True,0.1.4,True,False,True,False,False,True,,etalab/schema-stationnement,True,False,False
5ea1add4a5a7dac3af82310a,Base Nationale des Lieux de Stationnement,base-nationale-des-lieux-de-stationnement,https://demo.data.gouv.fr/fr/datasets/base-nationale-des-lieux-de-stationnement/,6998ff9d-face-4b13-9717-ff6b31447d99,20200618-bnls-.csv,https://static.data.gouv.fr/resources/base-nationale-des-lieux-de-stationnement/20200618-133807/20200618-bnls-.csv,2020-08-11T09:50:16.159000,equipe-transport-data-gouv-fr,,1 - schema request,,False,False,False,False,False,False,,False,,False,False,True,True,,etalab/schema-stationnement,False,False,True
5ea1add4a5a7dac3af82310a,Base Nationale des Lieux de Stationnement,base-nationale-des-lieux-de-stationnement,https://demo.data.gouv.fr/fr/datasets/base-nationale-des-lieux-de-stationnement/,8b0ae12d-7eab-4389-8bdd-cc23c0e9e2cc,20200622-bnls.csv,https://static.data.gouv.fr/resources/base-nationale-des-lieux-de-stationnement/20200622-090444/20200622bnls.csv,2020-08-11T09:49:55.507000,equipe-transport-data-gouv-fr,,1 - schema request,,False,False,False,False,False,False,,False,,False,False,True,True,,etalab/schema-stationnement,False,False,True
5ea1add4a5a7dac3af82310a,Base Nationale des Lieux de Stationnement,base-nationale-des-lieux-de-stationnement,https://demo.data.gouv.fr/fr/datasets/base-nationale-des-lieux-de-stationnement/,54701753-c5b7-4787-b797-9ffea329dafa,20200702-bnls.csv,https://static.data.gouv.fr/resources/base-nationale-des-lieux-de-stationnement/20200702-150043/20200702-bnls.csv,2020-08-11T09:49:47.055000,equipe-transport-data-gouv-fr,,1 - schema request,,False,False,False,False,True,True,0.1.4,True,False,True,False,False,True,,etalab/schema-stationnement,True,False,False
5ea1add4a5a7dac3af82310a,Base Nationale des Lieux de Stationnement,base-nationale-des-lieux-de-stationnement,https://demo.data.gouv.fr/fr/datasets/base-nationale-des-lieux-de-stationnement/,a2554ef8-aa79-41f0-b8a2-f3d2e9e985a1,20200504-bnls.csv,https://static.data.gouv.fr/resources/base-nationale-des-lieux-de-stationnement/20200504-111448/20200504-bnls.csv,2020-08-11T09:50:44.270000,equipe-transport-data-gouv-fr,,1 - schema request,,False,False,False,False,True,True,0.1.4,True,False,True,False,False,True,,etalab/schema-stationnement,True,False,False
5ea1add4a5a7dac3af82310a,Base Nationale des Lieux de Stationnement,base-nationale-des-lieux-de-stationnement,https://demo.data.gouv.fr/fr/datasets/base-nationale-des-lieux-de-stationnement/,c096aa7e-c0ea-45be-b641-cf5ddfbe0c99,20201125-bnls.csv,https://static.data.gouv.fr/resources/base-nationale-des-lieux-de-stationnement/20201125-113521/20201125-bnls.csv,2020-11-25T11:35:26.277000,equipe-transport-data-gouv-fr,,1 - schema request,,False,False,False,False,True,True,0.1.4,True,False,True,False,False,True,,etalab/schema-stationnement,True,False,False
5ea1add4a5a7dac3af82310a,Base Nationale des Lieux de Stationnement,base-nationale-des-lieux-de-stationnement,https://demo.data.gouv.fr/fr/datasets/base-nationale-des-lieux-de-stationnement/,2da08040-2074-499a-8d50-0bf5b4254a86,20201222-bnls.csv,https://static.data.gouv.fr/resources/base-nationale-des-lieux-de-stationnement/20201222-135318/bnls-.csv,2020-12-22T17:21:47.781000,equipe-transport-data-gouv-fr,,1 - schema request,,False,False,False,False,True,True,0.1.4,True,False,True,False,False,True,,etalab/schema-stationnement,True,False,False
5ea1add4a5a7dac3af82310a,Base Nationale des Lieux de Stationnement,base-nationale-des-lieux-de-stationnement,https://demo.data.gouv.fr/fr/datasets/base-nationale-des-lieux-de-stationnement/,7140761a-5fc8-4c80-af43-529bc4d7ac5e,20201224-bnls.csv,https://static.data.gouv.fr/resources/base-nationale-des-lieux-de-stationnement/20201224-092931/20201224-bnls.csv,2020-12-24T09:30:33.151000,equipe-transport-data-gouv-fr,,1 - schema request,,False,False,False,False,True,True,0.1.4,True,False,True,False,False,True,,etalab/schema-stationnement,True,False,False
5ea1add4a5a7dac3af82310a,Base Nationale des Lieux de Stationnement,base-nationale-des-lieux-de-stationnement,https://demo.data.gouv.fr/fr/datasets/base-nationale-des-lieux-de-stationnement/,a7a64ce5-e858-4fef-9abb-8cdbb44bb7d5,20210101-bnls.csv,https://static.data.gouv.fr/resources/base-nationale-des-lieux-de-stationnement/20210101-120908/20210101.csv,2021-01-22T14:21:17.651000,equipe-transport-data-gouv-fr,,1 - schema request,,False,False,False,False,True,True,0.1.4,True,False,True,False,False,True,,etalab/schema-stationnement,True,False,False
5ea1add4a5a7dac3af82310a,Base Nationale des Lieux de Stationnement,base-nationale-des-lieux-de-stationnement,https://demo.data.gouv.fr/fr/datasets/base-nationale-des-lieux-de-stationnement/,23f1ecca-7e01-449b-868d-fbed986d9fba,20210115-bnls.csv,https://static.data.gouv.fr/resources/base-nationale-des-lieux-de-stationnement/20210125-094448/20210115-bnls.csv,2021-01-25T09:44:53.238000,equipe-transport-data-gouv-fr,,1 - schema request,,False,False,False,False,True,True,0.1.4,True,False,True,False,False,True,,etalab/schema-stationnement,True,False,False
5ea1add4a5a7dac3af82310a,Base Nationale des Lieux de Stationnement,base-nationale-des-lieux-de-stationnement,https://demo.data.gouv.fr/fr/datasets/base-nationale-des-lieux-de-stationnement/,7fa48e98-bd80-4a62-a88e-05487799cc15,20210420-bnls.csv,https://static.data.gouv.fr/resources/base-nationale-des-lieux-de-stationnement/20210420-120242/bnls.csv,2021-04-27T11:12:22.812000,equipe-transport-data-gouv-fr,,1 - schema request,,False,False,False,False,True,True,0.1.4,True,False,True,False,False,True,,etalab/schema-stationnement,True,False,False
5ea1add4a5a7dac3af82310a,Base Nationale des Lieux de Stationnement,base-nationale-des-lieux-de-stationnement,https://demo.data.gouv.fr/fr/datasets/base-nationale-des-lieux-de-stationnement/,3763a280-4086-492d-85de-c02abd9018f2,20210427-bnls.csv,https://static.data.gouv.fr/resources/base-nationale-des-lieux-de-stationnement/20210427-111233/bnls.csv,2021-04-27T11:13:47.831000,equipe-transport-data-gouv-fr,,1 - schema request,,False,False,False,False,True,True,0.1.4,True,False,True,False,False,True,,etalab/schema-stationnement,True,False,False
5ea1add4a5a7dac3af82310a,Base Nationale des Lieux de Stationnement,base-nationale-des-lieux-de-stationnement,https://demo.data.gouv.fr/fr/datasets/base-nationale-des-lieux-de-stationnement/,5519b35d-e900-467c-956a-6d183e5db70c,20200925-bnls.csv,https://static.data.gouv.fr/resources/base-nationale-des-lieux-de-stationnement/20201125-102021/20200925-bnls-2-.csv,2020-11-25T10:20:31.295000,equipe-transport-data-gouv-fr,,1 - schema request,,False,False,False,False,True,True,0.1.4,True,False,True,False,False,True,,etalab/schema-stationnement,True,False,False
600fe3d30f3e90e9515d201f,Parkings enclos ou ouvrage à Chambéry,parkings-enclos-ou-ouvrage-a-chambery-1,https://demo.data.gouv.fr/fr/datasets/parkings-enclos-ou-ouvrage-a-chambery-1/,17683e1f-b35d-4c81-bd98-884a9a06a40e,Export au format GeoJSON,https://donnees.grandchambery.fr/explore/dataset/parkings-enclos-ou-ouvrage-a-chambery_v2/download?format=geojson&timezone=Europe/Berlin&use_labels_for_header=false,2020-07-30T15:05:38.572000,,wrong-file-format,3 - search request,,False,False,False,False,False,False,,False,,False,False,False,,,etalab/schema-stationnement,False,False,False
600fe3d30f3e90e9515d201f,Parkings enclos ou ouvrage à Chambéry,parkings-enclos-ou-ouvrage-a-chambery-1,https://demo.data.gouv.fr/fr/datasets/parkings-enclos-ou-ouvrage-a-chambery-1/,a39c1cd9-dc02-47dd-ad44-1a5837afc6ee,Export au format Shapefile,https://donnees.grandchambery.fr/explore/dataset/parkings-enclos-ou-ouvrage-a-chambery_v2/download?format=shp&timezone=Europe/Berlin&use_labels_for_header=false,2020-07-30T15:05:38.572000,,wrong-file-format,3 - search request,,False,False,False,False,False,False,,False,,False,False,False,,,etalab/schema-stationnement,False,False,False
5a3a8a00c751df43a87a2472,Accessibilité - Stationnement PMR,accessibilite-stationnement-pmr,https://demo.data.gouv.fr/fr/datasets/accessibilite-stationnement-pmr/,16721942-a18d-4a2d-bc75-82375cb7d21d,Accessibilité - Stationnement PMR,https://data.agglo-lehavre.fr/api/v1/file/data/179/ACCESS_STATIONNEMENT_PMR/WFS,2018-07-26T09:19:35.794000,,wrong-file-format,3 - search request,,False,False,False,False,False,False,,False,,False,False,False,,,etalab/schema-stationnement,False,False,False
5a3a8a00c751df43a87a2472,Accessibilité - Stationnement PMR,accessibilite-stationnement-pmr,https://demo.data.gouv.fr/fr/datasets/accessibilite-stationnement-pmr/,64ca028b-bf2a-498b-bdbd-ee39ff4bed5c,Accessibilité - Stationnement PMR,https://data.agglo-lehavre.fr/api/v1/file/data/179/ACCESS_STATIONNEMENT_PMR/kmz,2018-07-26T09:19:35.795000,,wrong-file-format,3 - search request,,False,False,False,False,False,False,,False,,False,False,False,,,etalab/schema-stationnement,False,False,False
5a3a8a00c751df43a87a2472,Accessibilité - Stationnement PMR,accessibilite-stationnement-pmr,https://demo.data.gouv.fr/fr/datasets/accessibilite-stationnement-pmr/,dea04f9f-db59-4b9b-971e-452a292fb207,Accessibilité - Stationnement PMR,https://data.agglo-lehavre.fr/api/v1/file/data/179/ACCESS_STATIONNEMENT_PMR/json,2018-07-26T09:19:35.796000,,wrong-file-format,3 - search request,,False,False,False,False,False,False,,False,,False,False,False,,,etalab/schema-stationnement,False,False,False
5cb043238b4c410a38247545,Zone 30 km/h,zone-30-km-h,https://demo.data.gouv.fr/fr/datasets/zone-30-km-h/,47a1d03b-967d-4aef-a04d-6a258fa0cb40,Liste des zones limitées à 30 km/h sur la commune de Saint-Paul-lès-Dax (Format SHAPE),https://static.data.gouv.fr/resources/zone-30-km-h/20190412-095006/zone30-saint-paul-les-dax.zip,2019-04-12T09:50:39.858000,,wrong-file-format,3 - search request,,False,False,False,False,False,False,,False,,False,False,False,,,etalab/schema-stationnement,False,False,False
5a3a8a00c751df43a87a2472,Accessibilité - Stationnement PMR,accessibilite-stationnement-pmr,https://demo.data.gouv.fr/fr/datasets/accessibilite-stationnement-pmr/,5c543305-d657-4013-b86b-92b99fb108e9,Accessibilité - Stationnement PMR,https://data.agglo-lehavre.fr/api/v1/file/data/179/ACCESS_STATIONNEMENT_PMR/shp,2018-07-26T09:19:35.798000,,wrong-file-format,3 - search request,,False,False,False,False,False,False,,False,,False,False,False,,,etalab/schema-stationnement,False,False,False
5cb043238b4c410a38247545,Zone 30 km/h,zone-30-km-h,https://demo.data.gouv.fr/fr/datasets/zone-30-km-h/,c1eefbd9-54b6-4f69-a07c-36fb893be46f,Liste des zones limitées à 30 km/h sur la commune de Saint-Paul-lès-Dax (Format GEOJSON),https://static.data.gouv.fr/resources/zone-30-km-h/20190412-095006/zone30-saint-paul-les-dax.geojson,2019-04-12T09:50:32.121000,,wrong-file-format,3 - search request,,False,False,False,False,False,False,,False,,False,False,False,,,etalab/schema-stationnement,False,False,False
5cb043238b4c410a38247545,Zone 30 km/h,zone-30-km-h,https://demo.data.gouv.fr/fr/datasets/zone-30-km-h/,91741ea6-5766-4360-821a-9b418605620d,Document décrivant le modèle de données,https://static.data.gouv.fr/resources/zone-30-km-h/20190412-095050/spec-zone30-saint-paul-les-dax.pdf,2019-04-12T09:51:16.701000,,wrong-file-format,3 - search request,,False,False,False,False,False,False,,False,,False,False,False,,,etalab/schema-stationnement,False,False,False
5cb5ec6106e3e71c8f62e169,Parkings,parkings,https://demo.data.gouv.fr/fr/datasets/parkings/,cac66e7f-330b-4580-97f4-3ce354691a6c,Export au format CSV,https://data.seineouest.fr/explore/dataset/parkings/download?format=csv&timezone=Europe/Berlin&use_labels_for_header=false,2021-09-12T05:02:00,grand-paris-seine-ouest,,3 - search request,,False,False,False,False,False,False,,False,,False,False,False,,,etalab/schema-stationnement,False,False,False
600fe3d30f3e90e9515d201f,Parkings enclos ou ouvrage à Chambéry,parkings-enclos-ou-ouvrage-a-chambery-1,https://demo.data.gouv.fr/fr/datasets/parkings-enclos-ou-ouvrage-a-chambery-1/,e4505290-d81d-4f61-bd2c-7ac5fb6f3557,Export au format JSON,https://donnees.grandchambery.fr/explore/dataset/parkings-enclos-ou-ouvrage-a-chambery_v2/download?format=json&timezone=Europe/Berlin&use_labels_for_header=false,2020-07-30T15:05:38.572000,,wrong-file-format,3 - search request,,False,False,False,False,False,False,,False,,False,False,False,,,etalab/schema-stationnement,False,False,False
5a3a8a00c751df43a87a2472,Accessibilité - Stationnement PMR,accessibilite-stationnement-pmr,https://demo.data.gouv.fr/fr/datasets/accessibilite-stationnement-pmr/,a4c44b28-9cd8-4282-87fa-acb7a9b2e817,Accessibilité - Stationnement PMR,https://data.agglo-lehavre.fr/api/v1/file/data/179/ACCESS_STATIONNEMENT_PMR/dxf,2018-07-26T09:19:35.797000,,wrong-file-format,3 - search request,,False,False,False,False,False,False,,False,,False,False,False,,,etalab/schema-stationnement,False,False,False
600fe3d30f3e90e9515d201f,Parkings enclos ou ouvrage à Chambéry,parkings-enclos-ou-ouvrage-a-chambery-1,https://demo.data.gouv.fr/fr/datasets/parkings-enclos-ou-ouvrage-a-chambery-1/,d103dd6e-ae49-469a-ac78-a96f1c2b59ab,Export au format CSV,https://donnees.grandchambery.fr/explore/dataset/parkings-enclos-ou-ouvrage-a-chambery_v2/download?format=csv&timezone=Europe/Berlin&use_labels_for_header=false,2020-07-30T15:05:38.572000,ville-de-chambery,,3 - search request,,False,False,False,False,False,False,,False,,False,False,False,,,etalab/schema-stationnement,False,False,False
5b60645a06e3e73216e1d920,Enquête déplacements (2015) en Loire-Atlantique,enquete-deplacements-2015-en-loire-atlantique,https://demo.data.gouv.fr/fr/datasets/enquete-deplacements-2015-en-loire-atlantique/,cc11d2c6-4ea5-42ff-a733-faadd398e148,donnees_EDGT44_2015.zip,https://data.loire-atlantique.fr/api/datasets/1.0/224400028_enquete-deplacements-en-loire-atlantique/attachments/donnees_edgt44_2015_zip,2015-09-30T00:00:00,,wrong-file-format,3 - search request,,False,False,False,False,False,False,,False,,False,False,False,,,etalab/schema-stationnement,False,False,False
5ce889a59ce2e755dc0dbf2c,Parkings du centre-ville de Digne-les-Bains,parkings-du-centre-ville-de-digne-les-bains,https://demo.data.gouv.fr/fr/datasets/parkings-du-centre-ville-de-digne-les-bains/,0243b96c-c1f0-4a82-ad60-edf259ad47c8,DIGNE-PARKING-2020.csv,https://trouver.datasud.fr/dataset/7e7fb15f-d2cb-4e42-849d-878c56920c91/resource/0243b96c-c1f0-4a82-ad60-edf259ad47c8/download/digne-parking-2020.csv,2020-05-13T00:00:00,ville-de-digne-les-bains,,3 - search request,,False,False,False,False,True,True,0.1.4,True,False,False,True,False,True,,etalab/schema-stationnement,False,True,False
5ce889a59ce2e755dc0dbf2c,Parkings du centre-ville de Digne-les-Bains,parkings-du-centre-ville-de-digne-les-bains,https://demo.data.gouv.fr/fr/datasets/parkings-du-centre-ville-de-digne-les-bains/,91105279-dcbb-4615-8cc9-a5ba97853e6a,DIGNE-PARKING-2020.ods,https://trouver.datasud.fr/dataset/7e7fb15f-d2cb-4e42-849d-878c56920c91/resource/91105279-dcbb-4615-8cc9-a5ba97853e6a/download/digne-parking-2020.ods,2020-05-13T00:00:00,,wrong-file-format,3 - search request,,False,False,False,False,False,False,,False,,False,False,False,,,etalab/schema-stationnement,False,False,False
5ce889a59ce2e755dc0dbf2c,Parkings du centre-ville de Digne-les-Bains,parkings-du-centre-ville-de-digne-les-bains,https://demo.data.gouv.fr/fr/datasets/parkings-du-centre-ville-de-digne-les-bains/,a9f9033c-ca20-4ea2-a2cc-f62eeecd75cf,DIGNE-PARKING-2020.xls,https://trouver.datasud.fr/dataset/7e7fb15f-d2cb-4e42-849d-878c56920c91/resource/a9f9033c-ca20-4ea2-a2cc-f62eeecd75cf/download/digne-parking-2020.xls,2020-05-13T00:00:00,,wrong-file-format,3 - search request,,False,False,False,False,False,False,,False,,False,False,False,,,etalab/schema-stationnement,False,False,False
5b60645a06e3e73216e1d920,Enquête déplacements (2015) en Loire-Atlantique,enquete-deplacements-2015-en-loire-atlantique,https://demo.data.gouv.fr/fr/datasets/enquete-deplacements-2015-en-loire-atlantique/,caa085fb-7cce-4272-8c65-ab5c17634eea,Notice.pdf,https://data.loire-atlantique.fr/api/datasets/1.0/224400028_enquete-deplacements-en-loire-atlantique/attachments/notice_pdf,2015-09-30T00:00:00,,wrong-file-format,3 - search request,,False,False,False,False,False,False,,False,,False,False,False,,,etalab/schema-stationnement,False,False,False
5b60645a06e3e73216e1d920,Enquête déplacements (2015) en Loire-Atlantique,enquete-deplacements-2015-en-loire-atlantique,https://demo.data.gouv.fr/fr/datasets/enquete-deplacements-2015-en-loire-atlantique/,2cb4dda8-d858-400f-b5c5-2d791fc8670c,Deplacement_txt.zip,https://data.loire-atlantique.fr/api/datasets/1.0/224400028_enquete-deplacements-en-loire-atlantique/attachments/deplacement_txt_zip,2015-09-30T00:00:00,,wrong-file-format,3 - search request,,False,False,False,False,False,False,,False,,False,False,False,,,etalab/schema-stationnement,False,False,False
5b60645a06e3e73216e1d920,Enquête déplacements (2015) en Loire-Atlantique,enquete-deplacements-2015-en-loire-atlantique,https://demo.data.gouv.fr/fr/datasets/enquete-deplacements-2015-en-loire-atlantique/,371fc4a8-eb26-42f7-8714-9d4474597b8e,bat8-enquete_deplacement.pdf,https://data.loire-atlantique.fr/api/datasets/1.0/224400028_enquete-deplacements-en-loire-atlantique/attachments/bat8_enquete_deplacement_pdf,2015-09-30T00:00:00,,wrong-file-format,3 - search request,,False,False,False,False,False,False,,False,,False,False,False,,,etalab/schema-stationnement,False,False,False
5b60645a06e3e73216e1d920,Enquête déplacements (2015) en Loire-Atlantique,enquete-deplacements-2015-en-loire-atlantique,https://demo.data.gouv.fr/fr/datasets/enquete-deplacements-2015-en-loire-atlantique/,4fbd8e57-4ced-4765-82ca-ff4e586fb32c,4_Exploitation_standard_PartieEDGT_TOTAL.zip,https://data.loire-atlantique.fr/api/datasets/1.0/224400028_enquete-deplacements-en-loire-atlantique/attachments/4_exploitation_standard_partieedgt_total_zip,2015-09-30T00:00:00,,wrong-file-format,3 - search request,,False,False,False,False,False,False,,False,,False,False,False,,,etalab/schema-stationnement,False,False,False
5cb5ec6106e3e71c8f62e169,Parkings,parkings,https://demo.data.gouv.fr/fr/datasets/parkings/,a7c7a8df-f3b2-4f59-8217-2aaf762b43e1,Export au format JSON,https://data.seineouest.fr/explore/dataset/parkings/download?format=json&timezone=Europe/Berlin&use_labels_for_header=false,2021-09-12T05:02:00,,wrong-file-format,3 - search request,,False,False,False,False,False,False,,False,,False,False,False,,,etalab/schema-stationnement,False,False,False
5b60645a06e3e73216e1d920,Enquête déplacements (2015) en Loire-Atlantique,enquete-deplacements-2015-en-loire-atlantique,https://demo.data.gouv.fr/fr/datasets/enquete-deplacements-2015-en-loire-atlantique/,86cb73de-be24-44e7-a9d3-62e2db5d86fe,3_Documents_explicatifs.zip,https://data.loire-atlantique.fr/api/datasets/1.0/224400028_enquete-deplacements-en-loire-atlantique/attachments/3_documents_explicatifs_zip,2015-09-30T00:00:00,,wrong-file-format,3 - search request,,False,False,False,False,False,False,,False,,False,False,False,,,etalab/schema-stationnement,False,False,False
5b60645a06e3e73216e1d920,Enquête déplacements (2015) en Loire-Atlantique,enquete-deplacements-2015-en-loire-atlantique,https://demo.data.gouv.fr/fr/datasets/enquete-deplacements-2015-en-loire-atlantique/,fe0b0422-6360-4382-a08d-be932de5d284,Enquete_deplacements_opendata.zip,https://data.loire-atlantique.fr/api/datasets/1.0/224400028_enquete-deplacements-en-loire-atlantique/attachments/enquete_deplacements_opendata_zip,2015-09-30T00:00:00,,wrong-file-format,3 - search request,,False,False,False,False,False,False,,False,,False,False,False,,,etalab/schema-stationnement,False,False,False
5b60645a06e3e73216e1d920,Enquête déplacements (2015) en Loire-Atlantique,enquete-deplacements-2015-en-loire-atlantique,https://demo.data.gouv.fr/fr/datasets/enquete-deplacements-2015-en-loire-atlantique/,6c73400a-960e-44f5-8ef3-84547b79ba99,Export au format JSON,https://data.loire-atlantique.fr/explore/dataset/224400028_enquete-deplacements-en-loire-atlantique/download?format=json&timezone=Europe/Berlin&use_labels_for_header=false,2015-09-30T00:00:00,,wrong-file-format,3 - search request,,False,False,False,False,False,False,,False,,False,False,False,,,etalab/schema-stationnement,False,False,False
5b60645a06e3e73216e1d920,Enquête déplacements (2015) en Loire-Atlantique,enquete-deplacements-2015-en-loire-atlantique,https://demo.data.gouv.fr/fr/datasets/enquete-deplacements-2015-en-loire-atlantique/,154e108f-05c1-4196-bc3a-1b2e52923e39,Export au format CSV,https://data.loire-atlantique.fr/explore/dataset/224400028_enquete-deplacements-en-loire-atlantique/download?format=csv&timezone=Europe/Berlin&use_labels_for_header=false,2015-09-30T00:00:00,departement-de-loire-atlantique,,3 - search request,,False,False,False,False,False,False,,False,,False,False,False,,,etalab/schema-stationnement,False,False,False
5ce889a59ce2e755dc0dbf2c,Parkings du centre-ville de Digne-les-Bains,parkings-du-centre-ville-de-digne-les-bains,https://demo.data.gouv.fr/fr/datasets/parkings-du-centre-ville-de-digne-les-bains/,bbc2eaee-205f-4add-a303-27a914192a87,Dépliant sur le stationnement à Digne-les-Bains,https://trouver.datasud.fr/dataset/7e7fb15f-d2cb-4e42-849d-878c56920c91/resource/bbc2eaee-205f-4add-a303-27a914192a87/download/web-depliant-parking-02.pdf,2019-05-09T00:00:00,,wrong-file-format,3 - search request,,False,False,False,False,False,False,,False,,False,False,False,,,etalab/schema-stationnement,False,False,False
5cb5ec6106e3e71c8f62e169,Parkings,parkings,https://demo.data.gouv.fr/fr/datasets/parkings/,0ce4ca2c-0ae8-47a7-a8ed-d65a74a764ac,Export au format GeoJSON,https://data.seineouest.fr/explore/dataset/parkings/download?format=geojson&timezone=Europe/Berlin&use_labels_for_header=false,2021-09-12T05:02:00,,wrong-file-format,3 - search request,,False,False,False,False,False,False,,False,,False,False,False,,,etalab/schema-stationnement,False,False,False
56f26f0ea3a729648fbc2067,Parcs Relais en Île-de-France,parcs-relais-en-ile-de-france,https://demo.data.gouv.fr/fr/datasets/parcs-relais-en-ile-de-france/,02507ff2-a822-49c0-a255-e4b643bdcd6c,Export au format Shapefile,http://opendata.stif.info/explore/dataset/parcs-relais-idf/download?format=shp&timezone=Europe/Berlin&use_labels_for_header=false,2019-02-19T15:34:55,,wrong-file-format,3 - search request,,False,False,False,False,False,False,,False,,False,False,False,,,etalab/schema-stationnement,False,False,False
56f26f0ea3a729648fbc2067,Parcs Relais en Île-de-France,parcs-relais-en-ile-de-france,https://demo.data.gouv.fr/fr/datasets/parcs-relais-en-ile-de-france/,e3ef1dd7-ff36-4249-805c-26dde8b905fc,Export au format CSV,http://opendata.stif.info//explore/dataset/parcs-relais-idf/download?format=csv&timezone=Europe/Berlin&use_labels_for_header=false,2015-10-28T08:47:58,ile-de-france-mobilites,,3 - search request,,False,False,False,False,False,False,,False,,False,False,False,,,etalab/schema-stationnement,False,False,False
55f1b1c2c751df29861f92c4,Accueil des gens du voyage dans l'Aube,accueil-des-gens-du-voyage-dans-laube,https://demo.data.gouv.fr/fr/datasets/accueil-des-gens-du-voyage-dans-laube/,5a35f8d4-16db-452f-b454-79d7c9f247fc,N_TERRAIN_GENS_VOYAGE_S_010.TAB (archive),https://files.geo.data.gouv.fr/link-proxy/atom.geo-ide.developpement-durable.gouv.fr/2020-01-24/5e2a83d53918c4102ac6339d/datasetaggregate-1579844564873.zip/78943b17-f109-4f49-b236-e8db92d9147c/n-terrain-gens-voyage-s-010.zip,2020-02-23T06:50:38.017000,,wrong-file-format,3 - search request,,False,False,False,False,False,False,,False,,False,False,False,,,etalab/schema-stationnement,False,False,False
5bcf4595634f412cc744840c,Aires de covoiturage en France,aires-de-covoiturage-en-france,https://demo.data.gouv.fr/fr/datasets/aires-de-covoiturage-en-france/,8e80f056-0ecb-439f-b55e-57a79010ffb0,Fichier nationnal des Aires de covoiturage (et autres parkings identifiés par les collectivités locales),https://static.data.gouv.fr/resources/aires-de-covoiturage-en-france/20181024-154858/fichier-national-aires-covoiturage-2018-consolide-par-blablacar.xlsx,2018-10-24T15:49:05.259000,,wrong-file-format,3 - search request,,False,False,False,False,False,False,,False,,False,False,False,,,etalab/schema-stationnement,False,False,False
557f1b4ec751df366a1d4c0a,"PIRAA- Aires de stationnement, retournement et déviation des poids lourds de Auvergne-Rhône-Alpes",piraa-aires-de-stationnement-retournement-et-deviation-des-poids-lourds-de-auvergne-rhone-alpes,https://demo.data.gouv.fr/fr/datasets/piraa-aires-de-stationnement-retournement-et-deviation-des-poids-lourds-de-auvergne-rhone-alpes/,fee5d47f-22ac-4d93-9336-64958cc6178b,r_piraa_pl_p_zse (export SHP/WGS-84),https://transcode.geo.data.gouv.fr/services/5e2a2021fa4268bc2567515b/feature-types/ms:r_piraa_pl_p_zse?format=SHP&projection=WGS84,2020-01-24T13:36:39.632000,,wrong-file-format,3 - search request,,False,False,False,False,False,False,,False,,False,False,False,,,etalab/schema-stationnement,False,False,False
557f1b4ec751df366a1d4c0a,"PIRAA- Aires de stationnement, retournement et déviation des poids lourds de Auvergne-Rhône-Alpes",piraa-aires-de-stationnement-retournement-et-deviation-des-poids-lourds-de-auvergne-rhone-alpes,https://demo.data.gouv.fr/fr/datasets/piraa-aires-de-stationnement-retournement-et-deviation-des-poids-lourds-de-auvergne-rhone-alpes/,63794133-1264-4592-8104-a5d2ad9e9c83,r_piraa_pl_p_zse (export GeoJSON),https://transcode.geo.data.gouv.fr/services/5e2a2021fa4268bc2567515b/feature-types/ms:r_piraa_pl_p_zse?format=GeoJSON&projection=WGS84,2020-01-24T13:36:39.631000,,wrong-file-format,3 - search request,,False,False,False,False,False,False,,False,,False,False,False,,,etalab/schema-stationnement,False,False,False
557f1b4ec751df366a1d4c0a,"PIRAA- Aires de stationnement, retournement et déviation des poids lourds de Auvergne-Rhône-Alpes",piraa-aires-de-stationnement-retournement-et-deviation-des-poids-lourds-de-auvergne-rhone-alpes,https://demo.data.gouv.fr/fr/datasets/piraa-aires-de-stationnement-retournement-et-deviation-des-poids-lourds-de-auvergne-rhone-alpes/,dc879de5-1009-455b-8c2e-21fb62bd10f5,r_piraa_pl_p_zse (export SHP/WGS-84),https://transcode.geo.data.gouv.fr/services/5e2a1f8ffa4268bc2560456d/feature-types/ms:r_piraa_pl_p_zse?format=SHP&projection=WGS84,2020-01-24T13:36:39.631000,,wrong-file-format,3 - search request,,False,False,False,False,False,False,,False,,False,False,False,,,etalab/schema-stationnement,False,False,False
557f1b4ec751df366a1d4c0a,"PIRAA- Aires de stationnement, retournement et déviation des poids lourds de Auvergne-Rhône-Alpes",piraa-aires-de-stationnement-retournement-et-deviation-des-poids-lourds-de-auvergne-rhone-alpes,https://demo.data.gouv.fr/fr/datasets/piraa-aires-de-stationnement-retournement-et-deviation-des-poids-lourds-de-auvergne-rhone-alpes/,50b81756-6fb4-41aa-a6c8-908f7dcad596,r_piraa_pl_p_zse (export GeoJSON),https://transcode.geo.data.gouv.fr/services/5e2a1f8ffa4268bc2560456d/feature-types/ms:r_piraa_pl_p_zse?format=GeoJSON&projection=WGS84,2020-01-24T13:36:39.630000,,wrong-file-format,3 - search request,,False,False,False,False,False,False,,False,,False,False,False,,,etalab/schema-stationnement,False,False,False
60ba388e1863a0cb772ee2c2,Parking,parking-2,https://demo.data.gouv.fr/fr/datasets/parking-2/,d4fb5ec9-6320-4aa6-98bf-ca9481a7649b,ArcGIS Hub Dataset,https://donneespubliques.niortagglo.fr/datasets/59a8588cb51c4f32845a5d126f946d9d_0,2021-06-04T16:28:30.764000,,wrong-file-format,3 - search request,,False,False,False,False,False,False,,False,,False,False,False,,,etalab/schema-stationnement,False,False,False
60ba388e1863a0cb772ee2c2,Parking,parking-2,https://demo.data.gouv.fr/fr/datasets/parking-2/,5e858d67-4973-403e-b38b-3af2d15ea0e3,ArcGIS GeoService,https://services.arcgis.com/CaoMq07djE0FqJTO/arcgis/rest/services/Parking/FeatureServer/0,2021-06-04T16:28:30.763000,,wrong-file-format,3 - search request,,False,False,False,False,False,False,,False,,False,False,False,,,etalab/schema-stationnement,False,False,False
60ba388e1863a0cb772ee2c2,Parking,parking-2,https://demo.data.gouv.fr/fr/datasets/parking-2/,aba6b6ea-c06c-4ceb-b8b5-c5dfd18ca3a5,KML,https://donneespubliques.niortagglo.fr/datasets/59a8588cb51c4f32845a5d126f946d9d_0.kml?outSR=%7B%22latestWkid%22%3A3857%2C%22wkid%22%3A102100%7D,2021-06-04T16:28:30.763000,,wrong-file-format,3 - search request,,False,False,False,False,False,False,,False,,False,False,False,,,etalab/schema-stationnement,False,False,False
60ba388e1863a0cb772ee2c2,Parking,parking-2,https://demo.data.gouv.fr/fr/datasets/parking-2/,1a11d340-57b3-4844-9f6a-b2f9757d0f2a,CSV,https://donneespubliques.niortagglo.fr/datasets/59a8588cb51c4f32845a5d126f946d9d_0.csv?outSR=%7B%22latestWkid%22%3A3857%2C%22wkid%22%3A102100%7D,2021-06-04T16:28:30.763000,,wrong-file-format,3 - search request,,False,False,False,False,False,False,,False,,False,False,False,,,etalab/schema-stationnement,False,False,False
60ba388e1863a0cb772ee2c2,Parking,parking-2,https://demo.data.gouv.fr/fr/datasets/parking-2/,b285c511-5796-4a6f-a9ba-0c195dd7d4fc,Shapefile,https://donneespubliques.niortagglo.fr/datasets/59a8588cb51c4f32845a5d126f946d9d_0.zip?outSR=%7B%22latestWkid%22%3A3857%2C%22wkid%22%3A102100%7D,2021-06-04T16:28:30.763000,,wrong-file-format,3 - search request,,False,False,False,False,False,False,,False,,False,False,False,,,etalab/schema-stationnement,False,False,False
60ba388e1863a0cb772ee2c2,Parking,parking-2,https://demo.data.gouv.fr/fr/datasets/parking-2/,204421e7-73b4-4fad-b5c1-0644c0cce62e,GeoJSON,https://donneespubliques.niortagglo.fr/datasets/59a8588cb51c4f32845a5d126f946d9d_0.geojson?outSR=%7B%22latestWkid%22%3A3857%2C%22wkid%22%3A102100%7D,2021-06-04T16:28:30.762000,,wrong-file-format,3 - search request,,False,False,False,False,False,False,,False,,False,False,False,,,etalab/schema-stationnement,False,False,False
5f3f9612a0ca851af8d8aef0, Parkings en ouvrage de Montpellier ,parkings-en-ouvrage-de-montpellier,https://demo.data.gouv.fr/fr/datasets/parkings-en-ouvrage-de-montpellier/,3e23897a-9aec-49d2-968e-f270f17b0adf,Parkings en ouvrage de Montpellier ,http://data.montpellier3m.fr/dataset/parkings-en-ouvrage-de-montpellier,2020-08-21T11:39:11.592000,,wrong-file-format,3 - search request,,False,False,False,False,False,False,,False,,False,False,False,,,etalab/schema-stationnement,False,False,False
60acb2a380bbed74189e1355,Stationnement vélo (format .json),stationnement-velo-format-json,https://demo.data.gouv.fr/fr/datasets/stationnement-velo-format-json/,93692f50-b548-4ac4-afa9-e553f8af7f18,stationnement-velos.json,https://static.data.gouv.fr/resources/stationnement-velo-format-shp/20210525-105241/stationnement-velos.json,2021-05-25T10:52:46.531000,,wrong-file-format,3 - search request,,False,False,False,False,False,False,,False,,False,False,False,,,etalab/schema-stationnement,False,False,False
5cb044008b4c410fa7dad1aa,Zone bleue,zone-bleue,https://demo.data.gouv.fr/fr/datasets/zone-bleue/,d7e036ad-7df3-4194-a710-ce8f52167593, Document décrivant le modèle de données,https://static.data.gouv.fr/resources/zone-bleue/20190412-095531/spec-zonebleue-saint-paul-les-dax.pdf,2019-04-12T09:55:48.634000,,wrong-file-format,3 - search request,,False,False,False,False,False,False,,False,,False,False,False,,,etalab/schema-stationnement,False,False,False
5cb044008b4c410fa7dad1aa,Zone bleue,zone-bleue,https://demo.data.gouv.fr/fr/datasets/zone-bleue/,e7c41250-86f3-4684-97f8-82d3de415cd4,Liste les adresses constituant la zone bleue sur la commune de Saint-Paul-lès-Dax (Format SHAPE),https://static.data.gouv.fr/resources/zone-bleue/20190412-095359/zonebleue-saint-paul-les-dax.zip,2019-04-12T09:55:23.301000,,wrong-file-format,3 - search request,,False,False,False,False,False,False,,False,,False,False,False,,,etalab/schema-stationnement,False,False,False
5cb044008b4c410fa7dad1aa,Zone bleue,zone-bleue,https://demo.data.gouv.fr/fr/datasets/zone-bleue/,b19fc504-1ccc-4929-b566-76c0f604d65f,Liste les adresses constituant la zone bleue sur la commune de Saint-Paul-lès-Dax (Format GEOJSON),https://static.data.gouv.fr/resources/zone-bleue/20190412-095400/zonebleue-saint-paul-les-dax.geojson,2019-04-12T09:54:21.306000,,wrong-file-format,3 - search request,,False,False,False,False,False,False,,False,,False,False,False,,,etalab/schema-stationnement,False,False,False
5cab00538b4c416e5110ca03,Stationnements gratuits publics,stationnements-gratuits-publics,https://demo.data.gouv.fr/fr/datasets/stationnements-gratuits-publics/,e75fa2a1-3871-471f-8f7d-813e85254b91,Document décrivant le modèle de données,https://static.data.gouv.fr/resources/stationnements-gratuits-publics/20190410-154533/spec-stationnement-gratuit-saint-paul-les-dax.pdf,2019-04-10T15:45:46.743000,,wrong-file-format,3 - search request,,False,False,False,False,False,False,,False,,False,False,False,,,etalab/schema-stationnement,False,False,False
5cab00538b4c416e5110ca03,Stationnements gratuits publics,stationnements-gratuits-publics,https://demo.data.gouv.fr/fr/datasets/stationnements-gratuits-publics/,3589f914-cbfe-44d6-8c68-93739dd9b0f9,Liste des emplacements de stationnement gratuit public sur la commune de Saint-Paul-lès-Dax,https://static.data.gouv.fr/resources/stationnements-gratuits-publics/20190410-154612/stationnement-gratuit-saint-paul-les-dax.xlsx,2019-04-10T15:46:15.356000,,wrong-file-format,3 - search request,,False,False,False,False,False,False,,False,,False,False,False,,,etalab/schema-stationnement,False,False,False
5cab00538b4c416e5110ca03,Stationnements gratuits publics,stationnements-gratuits-publics,https://demo.data.gouv.fr/fr/datasets/stationnements-gratuits-publics/,47d4ae90-1179-4dc4-9f36-93a93c425997,Liste des emplacements de stationnement gratuit public sur la commune de Saint-Paul-lès-Dax,https://static.data.gouv.fr/resources/stationnements-gratuits-publics/20190410-154554/stationnement-gratuit-saint-paul-les-dax.csv,2019-04-10T15:46:05.155000,commune-de-saint-paul-les-dax,,3 - search request,,False,False,False,False,False,False,,False,,False,False,False,,,etalab/schema-stationnement,False,False,False
5f97654ff534ae7772d5f959,Angers Stationnement,angers-stationnement-1,https://demo.data.gouv.fr/fr/datasets/angers-stationnement-1/,280b3caa-3681-4534-895f-ab738a81d4ca,Export au format Shapefile,https://paysdelaloire.opendatasoft.com/explore/dataset/angers_stationnement/download?format=shp&timezone=Europe/Berlin&use_labels_for_header=false,2020-03-26T16:19:31,,wrong-file-format,3 - search request,,False,False,False,False,False,False,,False,,False,False,False,,,etalab/schema-stationnement,False,False,False
56f26f0ea3a729648fbc2067,Parcs Relais en Île-de-France,parcs-relais-en-ile-de-france,https://demo.data.gouv.fr/fr/datasets/parcs-relais-en-ile-de-france/,98f27e77-4212-41a6-8b88-63addb040ad0,Export au format GeoJSON,http://opendata.stif.info/explore/dataset/parcs-relais-idf/download?format=geojson&timezone=Europe/Berlin&use_labels_for_header=false,2019-02-19T15:34:55,,wrong-file-format,3 - search request,,False,False,False,False,False,False,,False,,False,False,False,,,etalab/schema-stationnement,False,False,False
56f26f0ea3a729648fbc2067,Parcs Relais en Île-de-France,parcs-relais-en-ile-de-france,https://demo.data.gouv.fr/fr/datasets/parcs-relais-en-ile-de-france/,a639456b-9718-4131-900a-c8492cbe44f0,Export au format JSON,http://opendata.stif.info/explore/dataset/parcs-relais-idf/download?format=json&timezone=Europe/Berlin&use_labels_for_header=false,2019-02-19T15:34:55,,wrong-file-format,3 - search request,,False,False,False,False,False,False,,False,,False,False,False,,,etalab/schema-stationnement,False,False,False
56f26f0ea3a729648fbc2067,Parcs Relais en Île-de-France,parcs-relais-en-ile-de-france,https://demo.data.gouv.fr/fr/datasets/parcs-relais-en-ile-de-france/,9aff4cfe-821e-49e6-befb-bdf9b3cc590c,Export au format CSV,http://opendata.stif.info/explore/dataset/parcs-relais-idf/download?format=csv&timezone=Europe/Berlin&use_labels_for_header=false,2019-02-19T15:34:55,ile-de-france-mobilites,,3 - search request,,False,False,False,False,False,False,,False,,False,False,False,,,etalab/schema-stationnement,False,False,False
56f26f0ea3a729648fbc2067,Parcs Relais en Île-de-France,parcs-relais-en-ile-de-france,https://demo.data.gouv.fr/fr/datasets/parcs-relais-en-ile-de-france/,79acabaa-94a7-4409-9f87-ab9a0598dfd7,Export au format Shapefile,http://opendata.stif.info//explore/dataset/parcs-relais-idf/download?format=shp&timezone=Europe/Berlin&use_labels_for_header=false,2015-10-28T08:47:58,,wrong-file-format,3 - search request,,False,False,False,False,False,False,,False,,False,False,False,,,etalab/schema-stationnement,False,False,False
56f26f0ea3a729648fbc2067,Parcs Relais en Île-de-France,parcs-relais-en-ile-de-france,https://demo.data.gouv.fr/fr/datasets/parcs-relais-en-ile-de-france/,be4f9394-d84c-4a67-9ed9-6ecf9ff395b2,Export au format GeoJSON,http://opendata.stif.info//explore/dataset/parcs-relais-idf/download?format=geojson&timezone=Europe/Berlin&use_labels_for_header=false,2015-10-28T08:47:58,,wrong-file-format,3 - search request,,False,False,False,False,False,False,,False,,False,False,False,,,etalab/schema-stationnement,False,False,False
56f26f0ea3a729648fbc2067,Parcs Relais en Île-de-France,parcs-relais-en-ile-de-france,https://demo.data.gouv.fr/fr/datasets/parcs-relais-en-ile-de-france/,56fdf0a0-8423-495b-8c14-ada4a315590b,Export au format JSON,http://opendata.stif.info//explore/dataset/parcs-relais-idf/download?format=json&timezone=Europe/Berlin&use_labels_for_header=false,2015-10-28T08:47:58,,wrong-file-format,3 - search request,,False,False,False,False,False,False,,False,,False,False,False,,,etalab/schema-stationnement,False,False,False
5cb5ec6106e3e71c8f62e169,Parkings,parkings,https://demo.data.gouv.fr/fr/datasets/parkings/,d446e8db-2c82-4eef-b79a-e6d8789e6ad6,Export au format Shapefile,https://data.seineouest.fr/explore/dataset/parkings/download?format=shp&timezone=Europe/Berlin&use_labels_for_header=false,2021-09-12T05:02:00,,wrong-file-format,3 - search request,,False,False,False,False,False,False,,False,,False,False,False,,,etalab/schema-stationnement,False,False,False
5f97654ff534ae7772d5f959,Angers Stationnement,angers-stationnement-1,https://demo.data.gouv.fr/fr/datasets/angers-stationnement-1/,a221dca4-e546-43ff-80e6-afd428cf75fd,Export au format GeoJSON,https://paysdelaloire.opendatasoft.com/explore/dataset/angers_stationnement/download?format=geojson&timezone=Europe/Berlin&use_labels_for_header=false,2020-03-26T16:19:31,,wrong-file-format,3 - search request,,False,False,False,False,False,False,,False,,False,False,False,,,etalab/schema-stationnement,False,False,False
5f6582ec1c74c6550e8021e3,Stationnement en ouvrage,stationnement-en-ouvrage,https://demo.data.gouv.fr/fr/datasets/stationnement-en-ouvrage/,57eb224d-341f-4da0-a904-52b60dc2e514,Export au format JSON,https://opendata.paris.fr/explore/dataset/stationnement-en-ouvrage/download?format=json&timezone=Europe/Berlin&use_labels_for_header=false,2021-09-06T07:42:17,,wrong-file-format,3 - search request,,False,False,False,False,False,False,,False,,False,False,False,,,etalab/schema-stationnement,False,False,False
5f97654ff534ae7772d5f959,Angers Stationnement,angers-stationnement-1,https://demo.data.gouv.fr/fr/datasets/angers-stationnement-1/,9ffdec54-5ffb-4015-a7a6-7fb96cc9b3f3,Export au format CSV,https://paysdelaloire.opendatasoft.com/explore/dataset/angers_stationnement/download?format=csv&timezone=Europe/Berlin&use_labels_for_header=false,2020-03-26T16:19:31,region-des-pays-de-la-loire,,3 - search request,,False,False,False,False,False,False,,False,,False,False,False,,,etalab/schema-stationnement,False,False,False
6088a6981f75adef6b9bacd1,Stationnement - Lieux de stationnement sur La Rochelle,lieux-de-stationnement-sur-la-rochelle,https://demo.data.gouv.fr/fr/datasets/lieux-de-stationnement-sur-la-rochelle/,d09d921f-5a68-4790-a9aa-ec032651fb00,parking_larochelle,https://d4c.agglo-larochelle.fr/dataset/998ac26f-0137-440e-a82f-4c94f3057ad9/resource/d09d921f-5a68-4790-a9aa-ec032651fb00/download/1093080492.csv,2021-09-09T00:00:00,la-rochelle,,3 - search request,,False,False,False,False,True,True,0.1.4,True,False,False,True,False,True,,etalab/schema-stationnement,False,True,False
602e829cc38d74c1c131010d,Lieux de stationnement hors voirie du centre ville de Beauvais,lieux-de-stationnement-hors-voirie-du-centre-ville-de-beauvais,https://demo.data.gouv.fr/fr/datasets/lieux-de-stationnement-hors-voirie-du-centre-ville-de-beauvais/,287142e4-50b2-4cbf-b06e-99da5627e638,Lieux de stationnement hors voirie de la ville de Beauvais,https://static.data.gouv.fr/resources/lieux-de-stationnement-hors-voirie-de-la-ville-de-beauvais/20210218-160748/base-de-donnees-lieux-de-stationnements-hors-voirie.csv,2021-02-18T16:08:12.994000,ville-de-beauvais,,3 - search request,,False,False,False,False,False,False,,False,,False,False,False,,,etalab/schema-stationnement,False,False,False
602e829cc38d74c1c131010d,Lieux de stationnement hors voirie du centre ville de Beauvais,lieux-de-stationnement-hors-voirie-du-centre-ville-de-beauvais,https://demo.data.gouv.fr/fr/datasets/lieux-de-stationnement-hors-voirie-du-centre-ville-de-beauvais/,144a5c0a-9a35-497f-a8ab-4e6cdd409f00,Fiche descriptive du jeu de données,https://static.data.gouv.fr/resources/lieux-de-stationnement-hors-voirie-de-la-ville-de-beauvais/20210218-162256/lieux-de-stationnement.pdf,2021-02-19T09:23:35.019000,,wrong-file-format,3 - search request,,False,False,False,False,False,False,,False,,False,False,False,,,etalab/schema-stationnement,False,False,False
602e829cc38d74c1c131010d,Lieux de stationnement hors voirie du centre ville de Beauvais,lieux-de-stationnement-hors-voirie-du-centre-ville-de-beauvais,https://demo.data.gouv.fr/fr/datasets/lieux-de-stationnement-hors-voirie-du-centre-ville-de-beauvais/,3a65d821-93d2-420a-a280-488baf22cfcb,Carte des mobilités douces de Beauvais,http://umap.openstreetmap.fr/fr/map/intermodalite-a-beauvais-carte-des-mobilites-douce_565072#15/49.4296/2.0934,2021-02-19T15:43:00.974000,,wrong-file-format,3 - search request,,False,False,False,False,False,False,,False,,False,False,False,,,etalab/schema-stationnement,False,False,False
5e9f8b189fe6c6e6cb18094a,Parkings et lieux de stationnement,parkings-1,https://demo.data.gouv.fr/fr/datasets/parkings-1/,de8ba426-e8cc-4b4e-86cf-f0d0affbb6d9,Lieux de stationnement (normalisé Etalab),https://data.mobilites-m.fr/api/normes/lieuxstationnements,2021-09-13T02:55:38.777000,,wrong-file-format,3 - search request,,False,False,False,False,False,False,,False,,False,False,False,,,etalab/schema-stationnement,False,False,False
585549e788ee3843a1c65bb3,Documents pour les utilisateurs de bornes electriques,documents-pour-les-utilisateurs-de-bornes-electriques,https://demo.data.gouv.fr/fr/datasets/documents-pour-les-utilisateurs-de-bornes-electriques/,98544447-12bf-47c9-9bbf-255537f1db54,Papillon de vigilance,https://static.data.gouv.fr/resources/documents-pour-les-utilisateurs-de-bornes-electriques/20161217-152234/AUBE_Kit_Papillon_Vigilance.jpg,2017-02-14T17:20:29.241000,,wrong-file-format,3 - search request,,False,False,False,False,False,False,,False,,False,False,False,,,etalab/schema-stationnement,False,False,False
585549e788ee3843a1c65bb3,Documents pour les utilisateurs de bornes electriques,documents-pour-les-utilisateurs-de-bornes-electriques,https://demo.data.gouv.fr/fr/datasets/documents-pour-les-utilisateurs-de-bornes-electriques/,0b8b161b-c64d-4a25-8c27-db9d0e16a9d6,Charte des Utilisateurs de Bornes Electriques (CUBE),https://docs.google.com/document/d/1GJFfemzi2EX-6D9t6yXcCfhkpH2rSV1ZDQvGON-DB-Q/,2017-02-14T17:21:17.062000,,wrong-file-format,3 - search request,,False,False,False,False,False,False,,False,,False,False,False,,,etalab/schema-stationnement,False,False,False
585549e788ee3843a1c65bb3,Documents pour les utilisateurs de bornes electriques,documents-pour-les-utilisateurs-de-bornes-electriques,https://demo.data.gouv.fr/fr/datasets/documents-pour-les-utilisateurs-de-bornes-electriques/,dc81de4e-8024-4820-b93b-e1343ee20812,Demande d’aménagement de stationnement réglementé en zone bleue sur emplacement (s) réservé (s) à la recharge sur la voie publique ,https://docs.google.com/document/d/1YLdfCfMyt5PPIRqRqViOackspE82t84B0KIuGFN8WT8/edit?usp=sharing,2019-12-23T10:23:00.269000,,wrong-file-format,3 - search request,,False,False,False,False,False,False,,False,,False,False,False,,,etalab/schema-stationnement,False,False,False
6116206296f266ff0c1a8619,Parkings de la Métropole de Lyon (format ETALAB),parkings-de-la-metropole-de-lyon-format-etalab,https://demo.data.gouv.fr/fr/datasets/parkings-de-la-metropole-de-lyon-format-etalab/,bb972800-d6dd-4b50-ad17-b199b8ecf9b6,Parkings de la Métropole de Lyon (format ETALAB),https://www.etalab.gouv.fr/wp-content/uploads/2017/04/ETALAB-Licence-Ouverte-v2.0.pdf,2021-08-13T11:39:48.697000,,wrong-file-format,3 - search request,,False,False,False,False,False,False,,False,,False,False,False,,,etalab/schema-stationnement,False,False,False
6116206296f266ff0c1a8619,Parkings de la Métropole de Lyon (format ETALAB),parkings-de-la-metropole-de-lyon-format-etalab,https://demo.data.gouv.fr/fr/datasets/parkings-de-la-metropole-de-lyon-format-etalab/,12d104ba-082c-4afb-b3f8-76a2de622d84,Parkings de la Métropole de Lyon (format ETALAB),https://www.etalab.gouv.fr/wp-content/uploads/2017/04/ETALAB-Licence-Ouverte-v2.0.pdf,2021-08-13T11:39:48.697000,,wrong-file-format,3 - search request,,False,False,False,False,False,False,,False,,False,False,False,,,etalab/schema-stationnement,False,False,False
5e9f8b189fe6c6e6cb18094a,Parkings et lieux de stationnement,parkings-1,https://demo.data.gouv.fr/fr/datasets/parkings-1/,35fd9b0f-b14d-4873-802e-3aa07d8593a3,Lieux de stationnement,https://data.mobilites-m.fr/api/findType/json?types=parking,2021-09-13T02:55:38.777000,,wrong-file-format,3 - search request,,False,False,False,False,False,False,,False,,False,False,False,,,etalab/schema-stationnement,False,False,False
5e9f8b189fe6c6e6cb18094a,Parkings et lieux de stationnement,parkings-1,https://demo.data.gouv.fr/fr/datasets/parkings-1/,86049829-1add-414e-a34e-400773f20151,Parkings,https://data.mobilites-m.fr/api/findType/json?types=PKG,2021-09-13T02:55:38.777000,,wrong-file-format,3 - search request,,False,False,False,False,False,False,,False,,False,False,False,,,etalab/schema-stationnement,False,False,False
596dd61988ee3814431a54d2,Lieux de stationnement pour deux-roues - Bayonne,lieux-de-stationnement-pour-deux-roues-bayonne,https://demo.data.gouv.fr/fr/datasets/lieux-de-stationnement-pour-deux-roues-bayonne/,3b1d3622-25c0-405b-b04d-b18d919d5544,velo_park.shp (archive),https://files.geo.data.gouv.fr/link-proxy/www.bayonne.fr/2021-01-15/6000e9816a65b6cc5a9fe87b/velo-park.zip/velo-park.zip,2021-01-15T06:38:24.453000,,wrong-file-format,3 - search request,,False,False,False,False,False,False,,False,,False,False,False,,,etalab/schema-stationnement,False,False,False
5e7eccbe514104d031fbf416,Angers Stationnement,angers-stationnement,https://demo.data.gouv.fr/fr/datasets/angers-stationnement/,0abecb2f-8cd8-4632-81f9-4866e38bfea0,Export au format Shapefile,https://data.angers.fr/explore/dataset/angers_stationnement/download?format=shp&timezone=Europe/Berlin&use_labels_for_header=false,2020-03-26T16:19:31,,wrong-file-format,3 - search request,,False,False,False,False,False,False,,False,,False,False,False,,,etalab/schema-stationnement,False,False,False
5e7eccbe514104d031fbf416,Angers Stationnement,angers-stationnement,https://demo.data.gouv.fr/fr/datasets/angers-stationnement/,b50c1b8c-d9a2-4952-bf54-413fb9267163,Export au format GeoJSON,https://data.angers.fr/explore/dataset/angers_stationnement/download?format=geojson&timezone=Europe/Berlin&use_labels_for_header=false,2020-03-26T16:19:31,,wrong-file-format,3 - search request,,False,False,False,False,False,False,,False,,False,False,False,,,etalab/schema-stationnement,False,False,False
5e7eccbe514104d031fbf416,Angers Stationnement,angers-stationnement,https://demo.data.gouv.fr/fr/datasets/angers-stationnement/,910a2f2e-7c5e-4cca-95ff-7df04ce61e40,Export au format JSON,https://data.angers.fr/explore/dataset/angers_stationnement/download?format=json&timezone=Europe/Berlin&use_labels_for_header=false,2020-03-26T16:19:31,,wrong-file-format,3 - search request,,False,False,False,False,False,False,,False,,False,False,False,,,etalab/schema-stationnement,False,False,False
5e7eccbe514104d031fbf416,Angers Stationnement,angers-stationnement,https://demo.data.gouv.fr/fr/datasets/angers-stationnement/,5a979e87-6ad1-4df5-af5f-ceebee1e9424,Export au format CSV,https://data.angers.fr/explore/dataset/angers_stationnement/download?format=csv&timezone=Europe/Berlin&use_labels_for_header=false,2020-03-26T16:19:31,angers-loire-metropole,,3 - search request,,False,False,False,False,False,False,,False,,False,False,False,,,etalab/schema-stationnement,False,False,False
5f6582ec1c74c6550e8021e3,Stationnement en ouvrage,stationnement-en-ouvrage,https://demo.data.gouv.fr/fr/datasets/stationnement-en-ouvrage/,e009c60f-69c8-4d16-809f-45b99ae50dde,Export au format Shapefile,https://opendata.paris.fr/explore/dataset/stationnement-en-ouvrage/download?format=shp&timezone=Europe/Berlin&use_labels_for_header=false,2021-09-06T07:42:17,,wrong-file-format,3 - search request,,False,False,False,False,False,False,,False,,False,False,False,,,etalab/schema-stationnement,False,False,False
5f6582ec1c74c6550e8021e3,Stationnement en ouvrage,stationnement-en-ouvrage,https://demo.data.gouv.fr/fr/datasets/stationnement-en-ouvrage/,126ba74a-db09-404d-8638-e5c3ac8f5f94,Export au format GeoJSON,https://opendata.paris.fr/explore/dataset/stationnement-en-ouvrage/download?format=geojson&timezone=Europe/Berlin&use_labels_for_header=false,2021-09-06T07:42:17,,wrong-file-format,3 - search request,,False,False,False,False,False,False,,False,,False,False,False,,,etalab/schema-stationnement,False,False,False
55f1b1c2c751df29861f92c4,Accueil des gens du voyage dans l'Aube,accueil-des-gens-du-voyage-dans-laube,https://demo.data.gouv.fr/fr/datasets/accueil-des-gens-du-voyage-dans-laube/,0f2b13b7-cbaa-439d-a0de-dbae55524a73,N_TERRAIN_GENS_VOYAGE_S_010.TAB (export GeoJSON),https://transcode.geo.data.gouv.fr/links/5e2a20d6fa4268bc256e0594/downloads/5e2a83d53918c4102ac6339d?format=GeoJSON&projection=WGS84,2020-02-23T06:50:38.018000,,wrong-file-format,3 - search request,,False,False,False,False,False,False,,False,,False,False,False,,,etalab/schema-stationnement,False,False,False
5f6582ec1c74c6550e8021e3,Stationnement en ouvrage,stationnement-en-ouvrage,https://demo.data.gouv.fr/fr/datasets/stationnement-en-ouvrage/,b6226b68-8142-458f-8407-afdb3b736eea,Export au format CSV,https://opendata.paris.fr/explore/dataset/stationnement-en-ouvrage/download?format=csv&timezone=Europe/Berlin&use_labels_for_header=false,2021-09-06T07:42:17,mairie-de-paris,,3 - search request,,False,False,False,False,False,False,,False,,False,False,False,,,etalab/schema-stationnement,False,False,False
602fb4710288bd14067ce5a5,Lieux de stationnement Epône,lieux-de-stationnement-epone,https://demo.data.gouv.fr/fr/datasets/lieux-de-stationnement-epone/,f63f9a4f-e952-4f5a-b58b-6c8aadde2e07,Parking (1).pdf,https://gpseo.opendatasoft.com/api/datasets/1.0/lieux_de_stationnement_epone/attachments/parking_1_pdf,2021-02-18T12:16:33,,wrong-file-format,3 - search request,,False,False,False,False,False,False,,False,,False,False,False,,,etalab/schema-stationnement,False,False,False
602fb4710288bd14067ce5a5,Lieux de stationnement Epône,lieux-de-stationnement-epone,https://demo.data.gouv.fr/fr/datasets/lieux-de-stationnement-epone/,bb79490f-9aa8-454f-91d3-7b36ccc292a2,Export au format Shapefile,https://gpseo.opendatasoft.com/explore/dataset/lieux_de_stationnement_epone/download?format=shp&timezone=Europe/Berlin&use_labels_for_header=false,2021-02-18T12:16:33,,wrong-file-format,3 - search request,,False,False,False,False,False,False,,False,,False,False,False,,,etalab/schema-stationnement,False,False,False
602fb4710288bd14067ce5a5,Lieux de stationnement Epône,lieux-de-stationnement-epone,https://demo.data.gouv.fr/fr/datasets/lieux-de-stationnement-epone/,b801240b-3d08-47fb-a424-9b71675b7ac7,Export au format GeoJSON,https://gpseo.opendatasoft.com/explore/dataset/lieux_de_stationnement_epone/download?format=geojson&timezone=Europe/Berlin&use_labels_for_header=false,2021-02-18T12:16:33,,wrong-file-format,3 - search request,,False,False,False,False,False,False,,False,,False,False,False,,,etalab/schema-stationnement,False,False,False
602fb4710288bd14067ce5a5,Lieux de stationnement Epône,lieux-de-stationnement-epone,https://demo.data.gouv.fr/fr/datasets/lieux-de-stationnement-epone/,fb6d39ad-ec42-431a-bc40-84583a50e28e,Export au format JSON,https://gpseo.opendatasoft.com/explore/dataset/lieux_de_stationnement_epone/download?format=json&timezone=Europe/Berlin&use_labels_for_header=false,2021-02-18T12:16:33,,wrong-file-format,3 - search request,,False,False,False,False,False,False,,False,,False,False,False,,,etalab/schema-stationnement,False,False,False
602fb4710288bd14067ce5a5,Lieux de stationnement Epône,lieux-de-stationnement-epone,https://demo.data.gouv.fr/fr/datasets/lieux-de-stationnement-epone/,1c7f2005-4af4-4398-8cb6-2ec110e0c0bd,Export au format CSV,https://gpseo.opendatasoft.com/explore/dataset/lieux_de_stationnement_epone/download?format=csv&timezone=Europe/Berlin&use_labels_for_header=false,2021-02-18T12:16:33,epone,,3 - search request,,False,False,False,False,False,False,,False,,False,False,False,,,etalab/schema-stationnement,False,False,False
60c06eff81afd61bceb4a7ce,Lieux de stationnement pour deux-roues motorisés - Bayonne,lieux-de-stationnement-pour-deux-roues-motorises-bayonne,https://demo.data.gouv.fr/fr/datasets/lieux-de-stationnement-pour-deux-roues-motorises-bayonne/,81eba010-8794-4d8c-9ada-839802541f34,moto_park.shp (export SHP/WGS-84),https://transcode.geo.data.gouv.fr/links/60c06eb5fa4268bc25d68e11/downloads/60c06eb5180bba533b776a44?format=SHP&projection=WGS84,2021-06-09T09:34:23.361000,,wrong-file-format,3 - search request,,False,False,False,False,False,False,,False,,False,False,False,,,etalab/schema-stationnement,False,False,False
60c06eff81afd61bceb4a7ce,Lieux de stationnement pour deux-roues motorisés - Bayonne,lieux-de-stationnement-pour-deux-roues-motorises-bayonne,https://demo.data.gouv.fr/fr/datasets/lieux-de-stationnement-pour-deux-roues-motorises-bayonne/,e6dae805-77a4-4bf8-a614-7af4941f9e52,moto_park.shp (export GeoJSON),https://transcode.geo.data.gouv.fr/links/60c06eb5fa4268bc25d68e11/downloads/60c06eb5180bba533b776a44?format=GeoJSON&projection=WGS84,2021-06-09T09:34:23.361000,,wrong-file-format,3 - search request,,False,False,False,False,False,False,,False,,False,False,False,,,etalab/schema-stationnement,False,False,False
60c06eff81afd61bceb4a7ce,Lieux de stationnement pour deux-roues motorisés - Bayonne,lieux-de-stationnement-pour-deux-roues-motorises-bayonne,https://demo.data.gouv.fr/fr/datasets/lieux-de-stationnement-pour-deux-roues-motorises-bayonne/,0be8e50f-d6b5-4c25-aa74-4caf4fa96007,moto_park.shp (archive),https://files.geo.data.gouv.fr/link-proxy/www.bayonne.fr/2021-06-09/60c06eb5180bba533b776a44/moto-park.zip/moto-park.zip,2021-06-09T09:34:23.361000,,wrong-file-format,3 - search request,,False,False,False,False,False,False,,False,,False,False,False,,,etalab/schema-stationnement,False,False,False
60fa1492f2a2764b4b881b8c,Lieux de covoiturage sur le territoire de Grand Chambéry,lieux-de-covoiturage-sur-le-territoire-de-grand-chambery,https://demo.data.gouv.fr/fr/datasets/lieux-de-covoiturage-sur-le-territoire-de-grand-chambery/,594c4102-570f-4e95-b83d-89d0d2db974a,Export au format Shapefile,https://donnees.grandchambery.fr/explore/dataset/20210722_200069110_lieuxcovoit/download?format=shp&timezone=Europe/Berlin&use_labels_for_header=false,2021-07-23T11:22:32,,wrong-file-format,3 - search request,,False,False,False,False,False,False,,False,,False,False,False,,,etalab/schema-stationnement,False,False,False
60fa1492f2a2764b4b881b8c,Lieux de covoiturage sur le territoire de Grand Chambéry,lieux-de-covoiturage-sur-le-territoire-de-grand-chambery,https://demo.data.gouv.fr/fr/datasets/lieux-de-covoiturage-sur-le-territoire-de-grand-chambery/,6e882870-4fa8-4a06-9de7-a76f175b450d,Export au format GeoJSON,https://donnees.grandchambery.fr/explore/dataset/20210722_200069110_lieuxcovoit/download?format=geojson&timezone=Europe/Berlin&use_labels_for_header=false,2021-07-23T11:22:32,,wrong-file-format,3 - search request,,False,False,False,False,False,False,,False,,False,False,False,,,etalab/schema-stationnement,False,False,False
60fa1492f2a2764b4b881b8c,Lieux de covoiturage sur le territoire de Grand Chambéry,lieux-de-covoiturage-sur-le-territoire-de-grand-chambery,https://demo.data.gouv.fr/fr/datasets/lieux-de-covoiturage-sur-le-territoire-de-grand-chambery/,02440620-22bd-41da-a5b8-dd42c52da4f2,Export au format JSON,https://donnees.grandchambery.fr/explore/dataset/20210722_200069110_lieuxcovoit/download?format=json&timezone=Europe/Berlin&use_labels_for_header=false,2021-07-23T11:22:32,,wrong-file-format,3 - search request,,False,False,False,False,False,False,,False,,False,False,False,,,etalab/schema-stationnement,False,False,False
60fa1492f2a2764b4b881b8c,Lieux de covoiturage sur le territoire de Grand Chambéry,lieux-de-covoiturage-sur-le-territoire-de-grand-chambery,https://demo.data.gouv.fr/fr/datasets/lieux-de-covoiturage-sur-le-territoire-de-grand-chambery/,b2a82ef0-5347-4704-8e4b-b63f49edb87d,Export au format CSV,https://donnees.grandchambery.fr/explore/dataset/20210722_200069110_lieuxcovoit/download?format=csv&timezone=Europe/Berlin&use_labels_for_header=false,2021-07-23T11:22:32,grand-chambery,,3 - search request,,False,False,False,False,False,False,,False,,False,False,False,,,etalab/schema-stationnement,False,False,False
602effd9545a23fdcb7ce5a3,Lieux de stationnement - parkings sous-sols,lieux-de-stationnement-parkings-sous-sols,https://demo.data.gouv.fr/fr/datasets/lieux-de-stationnement-parkings-sous-sols/,d77b56bb-6ce6-4880-b423-578c564bd5a3,Export au format Shapefile,https://boulognebillancourt-seineouest.opendatasoft.com/explore/dataset/lieux-de-stationnement-parkings-sous-sols/download?format=shp&timezone=Europe/Berlin&use_labels_for_header=false,2021-02-18T14:43:03,,wrong-file-format,3 - search request,,False,False,False,False,False,False,,False,,False,False,False,,,etalab/schema-stationnement,False,False,False
602effd9545a23fdcb7ce5a3,Lieux de stationnement - parkings sous-sols,lieux-de-stationnement-parkings-sous-sols,https://demo.data.gouv.fr/fr/datasets/lieux-de-stationnement-parkings-sous-sols/,6af62b5d-0741-4ebf-bde4-37bf16949bcc,Export au format GeoJSON,https://boulognebillancourt-seineouest.opendatasoft.com/explore/dataset/lieux-de-stationnement-parkings-sous-sols/download?format=geojson&timezone=Europe/Berlin&use_labels_for_header=false,2021-02-18T14:43:03,,wrong-file-format,3 - search request,,False,False,False,False,False,False,,False,,False,False,False,,,etalab/schema-stationnement,False,False,False
602effd9545a23fdcb7ce5a3,Lieux de stationnement - parkings sous-sols,lieux-de-stationnement-parkings-sous-sols,https://demo.data.gouv.fr/fr/datasets/lieux-de-stationnement-parkings-sous-sols/,3d7ee39a-a77c-48d0-94b2-e8fe89b38801,Export au format JSON,https://boulognebillancourt-seineouest.opendatasoft.com/explore/dataset/lieux-de-stationnement-parkings-sous-sols/download?format=json&timezone=Europe/Berlin&use_labels_for_header=false,2021-02-18T14:43:03,,wrong-file-format,3 - search request,,False,False,False,False,False,False,,False,,False,False,False,,,etalab/schema-stationnement,False,False,False
602effd9545a23fdcb7ce5a3,Lieux de stationnement - parkings sous-sols,lieux-de-stationnement-parkings-sous-sols,https://demo.data.gouv.fr/fr/datasets/lieux-de-stationnement-parkings-sous-sols/,a7cb612d-b411-475c-9660-1980f3092757,Export au format CSV,https://boulognebillancourt-seineouest.opendatasoft.com/explore/dataset/lieux-de-stationnement-parkings-sous-sols/download?format=csv&timezone=Europe/Berlin&use_labels_for_header=false,2021-02-18T14:43:03,ville-de-boulogne-billancourt,,3 - search request,,False,False,False,False,False,False,,False,,False,False,False,,,etalab/schema-stationnement,False,False,False
596dd61988ee3814431a54d2,Lieux de stationnement pour deux-roues - Bayonne,lieux-de-stationnement-pour-deux-roues-bayonne,https://demo.data.gouv.fr/fr/datasets/lieux-de-stationnement-pour-deux-roues-bayonne/,f82fbdc9-1ef5-44fe-9397-70dc70541982,velo_park.shp (export SHP/WGS-84),https://transcode.geo.data.gouv.fr/links/5f98c2f7fa4268bc251fc798/downloads/6000e9816a65b6cc5a9fe87b?format=SHP&projection=WGS84,2021-01-15T06:38:24.453000,,wrong-file-format,3 - search request,,False,False,False,False,False,False,,False,,False,False,False,,,etalab/schema-stationnement,False,False,False
596dd61988ee3814431a54d2,Lieux de stationnement pour deux-roues - Bayonne,lieux-de-stationnement-pour-deux-roues-bayonne,https://demo.data.gouv.fr/fr/datasets/lieux-de-stationnement-pour-deux-roues-bayonne/,7d7db974-468a-41fe-8dee-ac7b9c98785d,velo_park.shp (export GeoJSON),https://transcode.geo.data.gouv.fr/links/5f98c2f7fa4268bc251fc798/downloads/6000e9816a65b6cc5a9fe87b?format=GeoJSON&projection=WGS84,2021-01-15T06:38:24.453000,,wrong-file-format,3 - search request,,False,False,False,False,False,False,,False,,False,False,False,,,etalab/schema-stationnement,False,False,False
5f97654ff534ae7772d5f959,Angers Stationnement,angers-stationnement-1,https://demo.data.gouv.fr/fr/datasets/angers-stationnement-1/,e470ef46-4e3f-49df-858f-725ec482872a,Export au format JSON,https://paysdelaloire.opendatasoft.com/explore/dataset/angers_stationnement/download?format=json&timezone=Europe/Berlin&use_labels_for_header=false,2020-03-26T16:19:31,,wrong-file-format,3 - search request,,False,False,False,False,False,False,,False,,False,False,False,,,etalab/schema-stationnement,False,False,False
55f1b1c2c751df29861f92c4,Accueil des gens du voyage dans l'Aube,accueil-des-gens-du-voyage-dans-laube,https://demo.data.gouv.fr/fr/datasets/accueil-des-gens-du-voyage-dans-laube/,83400487-95d0-4a4b-a6dc-51eb724d6104,N_TERRAIN_GENS_VOYAGE_S_010.TAB (export SHP/WGS-84),https://transcode.geo.data.gouv.fr/links/5e2a20d6fa4268bc256e0594/downloads/5e2a83d53918c4102ac6339d?format=SHP&projection=WGS84,2020-02-23T06:50:38.018000,,wrong-file-format,3 - search request,,False,False,False,False,False,False,,False,,False,False,False,,,etalab/schema-stationnement,False,False,False
