dataset_id,dataset_slug,dataset_page,resource_id,resource_title,resource_last_modified,organization_or_owner,error_type,resource_found_by,is_valid_v_1.0.0,is_valid_v_1.0.1,is_valid_v_1.0.2,is_valid_v_1.0.3,is_valid_v_2.0.0,is_valid_one_version
6018fce37930b543cd472263,borne-irve-exadys,https://www.data.gouv.fr/fr/datasets/borne-irve-exadys/,52f99086-21f3-460d-bd76-8e0c1218bff1,20210201-declaration-bornes-exadys.csv,2021-05-28T16:57:25.120000,exadys,,1 - schema request,False,False,False,False,False,False
583e801488ee387693c65bb3,syme05-bornes-de-recharge-pour-vehicule-electrique,https://www.data.gouv.fr/fr/datasets/syme05-bornes-de-recharge-pour-vehicule-electrique/,45990a66-3c4d-4287-bc9b-f96bd5712389,SYME05_26/03/20_IRVE_Bornes de recharge,2021-05-28T16:57:39.985000,gabrielle-caro,,1 - schema request,False,False,False,False,False,False
5d2609fd634f4136ed74f452,infrastructures-de-recharge-pour-vehicules-electriques-grenoble-alpes-metropole,https://www.data.gouv.fr/fr/datasets/infrastructures-de-recharge-pour-vehicules-electriques-grenoble-alpes-metropole/,9a6453ff-e6df-4538-ab3c-3c4ac21fda01,irve-grenoble-20201007.csv,2020-12-16T17:24:33.587000,alexandre-court-2,,1 - schema request,False,False,False,False,False,False
5b869d60634f4123e4c00051,saint-louis-agglomeration-bornes-de-recharge-pour-vehicule-electrique,https://www.data.gouv.fr/fr/datasets/saint-louis-agglomeration-bornes-de-recharge-pour-vehicule-electrique/,dbef2fb3-48af-48e9-8c3c-6a7b1080991c,SAINT-LOUIS-AGGLOMÉRATION_IRVE_Bornes de recharge ,2021-05-28T16:57:44.140000,saint-louis-agglomeration-izyborne,,1 - schema request,False,False,False,False,False,False
5ef224ffd1f31055eed973dd,infrastructures-de-recharge-pour-vehicules-electriques-izivia-grand-lyon,https://www.data.gouv.fr/fr/datasets/infrastructures-de-recharge-pour-vehicules-electriques-izivia-grand-lyon/,25e8259b-77e9-478c-8940-f14546962720,irve-iziviagrandlyon-20210526.csv,2021-05-28T16:57:43.993000,izivia,,1 - schema request,True,True,True,True,False,True
583e8d8588ee380f8fc65bb3,sedi-bornes-de-recharge-pour-vehicule-electrique,https://www.data.gouv.fr/fr/datasets/sedi-bornes-de-recharge-pour-vehicule-electrique/,c47a1b03-2f39-4eba-90f9-4b36be559b8d,SEDI_26/03/20_IRVE_Bornes de recharge,2021-05-28T16:57:42.063000,gabrielle-caro,,1 - schema request,False,False,False,False,False,False
5770e8d088ee384771ab6512,useda-dirve02,https://www.data.gouv.fr/fr/datasets/useda-dirve02/,23e00253-d144-447a-ae1c-92b2b774ab07,irve-usedadirve02-20200903.csv,2021-05-28T16:57:42.267000,union-des-secteurs-denergie-du-departement-de-laisne,,1 - schema request,False,False,False,False,False,False
5770e8d088ee384771ab6512,useda-dirve02,https://www.data.gouv.fr/fr/datasets/useda-dirve02/,48cf96a0-09e5-4439-b657-771e152bd111,irve-usedadirve02-20200108.csv,2021-05-28T16:57:42.478000,union-des-secteurs-denergie-du-departement-de-laisne,,1 - schema request,False,False,False,False,False,False
5770e8d088ee384771ab6512,useda-dirve02,https://www.data.gouv.fr/fr/datasets/useda-dirve02/,e18a9301-f0ec-4c84-aec8-494c9d1fbc6d,IRVE_USEDADIRVE02_20180806.csv,2018-08-06T15:23:15.306000,union-des-secteurs-denergie-du-departement-de-laisne,,1 - schema request,False,False,False,False,False,False
5770e8d088ee384771ab6512,useda-dirve02,https://www.data.gouv.fr/fr/datasets/useda-dirve02/,9a6c8c68-6002-42e2-9b4f-6ddea223c5fc,IRVE_USEDADIRVE02_20180125.csv,2018-01-25T16:00:44.855000,union-des-secteurs-denergie-du-departement-de-laisne,,1 - schema request,False,False,False,False,False,False
5770e8d088ee384771ab6512,useda-dirve02,https://www.data.gouv.fr/fr/datasets/useda-dirve02/,bdb72f0a-0209-49bc-8fc0-67c89929face,IRVE_USEDADIRVE02_20170623.csv,2017-06-23T14:35:35.942000,union-des-secteurs-denergie-du-departement-de-laisne,,1 - schema request,False,False,False,False,False,False
5770e8d088ee384771ab6512,useda-dirve02,https://www.data.gouv.fr/fr/datasets/useda-dirve02/,e5519a59-a55a-4824-b030-fad5a77f8b58,IRVE_USEDADIRVE02_20170316.csv,2017-03-16T11:15:33.114000,union-des-secteurs-denergie-du-departement-de-laisne,,1 - schema request,False,False,False,False,False,False
5770e8d088ee384771ab6512,useda-dirve02,https://www.data.gouv.fr/fr/datasets/useda-dirve02/,74930a1b-11b1-4af9-b665-4ac14c2ea532,IRVE_USEDADIRVE02_20170207.csv,2017-02-07T14:45:22.159000,union-des-secteurs-denergie-du-departement-de-laisne,,1 - schema request,False,False,False,False,False,False
5770e8d088ee384771ab6512,useda-dirve02,https://www.data.gouv.fr/fr/datasets/useda-dirve02/,cd04822a-97ac-4291-9c50-6207764ea73b,IRVE_USEDADIRVE02_20170120.csv,2021-05-28T16:57:42.645000,union-des-secteurs-denergie-du-departement-de-laisne,,1 - schema request,False,False,False,False,False,False
599d2fec88ee38062d860e56,e-mouv-istres-bornes-de-recharge-pour-vehicule-electrique,https://www.data.gouv.fr/fr/datasets/e-mouv-istres-bornes-de-recharge-pour-vehicule-electrique/,ea9f517c-076e-4f0b-9c2d-9531161beda6,EMOUV_26/03/20_IRVE_Bornes de recharge,2021-05-28T16:57:45.036000,gabrielle-caro,,1 - schema request,False,False,False,False,False,False
577d1c3f88ee386e530ddd2c,reseau-de-bornes-de-recharge-pour-vehicules-electriques-irve,https://www.data.gouv.fr/fr/datasets/reseau-de-bornes-de-recharge-pour-vehicules-electriques-irve/,6b79f229-4fe3-4294-a1f8-7feccec3ca31,irve-siege27-20200113.xlsx,2020-01-13T14:27:02.676000,,wrong-file-format,1 - schema request,False,False,False,False,False,False
599d21a088ee386bd66e7579,sieeen-bornes-de-recharge-pour-vehicule-electrique,https://www.data.gouv.fr/fr/datasets/sieeen-bornes-de-recharge-pour-vehicule-electrique/,a214acff-191d-4ddb-8ff5-0c9bfa5a68d0,SIEEEN_26/03/20_IRVE_Bornes de recharge,2021-05-28T16:57:45.168000,gabrielle-caro,,1 - schema request,False,False,False,False,False,False
5913166488ee3801f50e7e1d,mouvoise,https://www.data.gouv.fr/fr/datasets/mouvoise/,08585952-6a64-4537-a3dd-0402f8e9c9b6,Bornes de recharge Mouv'Oise au 02/11/2020,2020-11-02T11:51:35.948000,mouvoise,,1 - schema request,False,False,False,False,False,False
5913166488ee3801f50e7e1d,mouvoise,https://www.data.gouv.fr/fr/datasets/mouvoise/,ba460b68-e779-4e9b-8295-24dc88981abe,Bornes de recharge Mouv'Oise au 03/08/2020,2021-05-28T16:57:45.469000,mouvoise,,1 - schema request,False,False,False,False,False,False
5913166488ee3801f50e7e1d,mouvoise,https://www.data.gouv.fr/fr/datasets/mouvoise/,af3d0696-e59d-4b01-84d4-3be99ad8cd44,Bornes de recharge Mouv'Oise au 29/06/2020,2020-06-29T09:43:11.238000,mouvoise,,1 - schema request,False,False,False,False,False,False
5913166488ee3801f50e7e1d,mouvoise,https://www.data.gouv.fr/fr/datasets/mouvoise/,60f773f7-9113-420b-b492-b5e3d8159e7e,Bornes de recharge Mouv'Oise,2020-01-24T13:25:26.846000,mouvoise,,1 - schema request,False,False,False,False,False,False
5913166488ee3801f50e7e1d,mouvoise,https://www.data.gouv.fr/fr/datasets/mouvoise/,c79b7732-d688-4a5b-825a-129519c86c70,Bornes de recharge Mouv'Oise,2019-07-03T15:38:19.345000,mouvoise,,1 - schema request,False,False,False,False,False,False
5913166488ee3801f50e7e1d,mouvoise,https://www.data.gouv.fr/fr/datasets/mouvoise/,983479bc-b62f-4a3c-80cd-c5ffe828a8ec,Bornes de recharge Mouv'Oise,2019-03-27T14:11:48.057000,mouvoise,,1 - schema request,False,False,False,False,False,False
5913166488ee3801f50e7e1d,mouvoise,https://www.data.gouv.fr/fr/datasets/mouvoise/,123f2b49-408e-4107-beb9-6ca3af9b75d1,Bornes de recharge Mouv'Oise,2018-11-15T10:34:52.255000,mouvoise,,1 - schema request,False,False,False,False,False,False
5913166488ee3801f50e7e1d,mouvoise,https://www.data.gouv.fr/fr/datasets/mouvoise/,0a6f1cc5-d230-4197-bd23-79c558b6067b,Bornes de recharge Mouv'Oise,2018-10-17T11:59:25.130000,mouvoise,,1 - schema request,False,False,False,False,False,False
5913166488ee3801f50e7e1d,mouvoise,https://www.data.gouv.fr/fr/datasets/mouvoise/,2dd79116-7fce-4a4e-8896-e2ccb6f8d879,Bornes de recharge Mouv'Oise,2018-09-21T16:08:41.849000,mouvoise,,1 - schema request,False,False,False,False,False,False
5913166488ee3801f50e7e1d,mouvoise,https://www.data.gouv.fr/fr/datasets/mouvoise/,dfa73968-5de1-4009-86d5-b3a066ce2068,Bornes de recharge Mouv'Oise,2018-08-16T11:37:28.056000,mouvoise,,1 - schema request,False,False,False,False,False,False
5913166488ee3801f50e7e1d,mouvoise,https://www.data.gouv.fr/fr/datasets/mouvoise/,ae6c56cb-ba4e-474c-9019-b84a4da24880,Bornes de recharge Mouv'Oise,2018-07-16T11:34:42.969000,mouvoise,,1 - schema request,False,False,False,False,False,False
5913166488ee3801f50e7e1d,mouvoise,https://www.data.gouv.fr/fr/datasets/mouvoise/,f9d3a470-2a3e-465f-a2ac-8a65c02321c5,Bornes de recharge Mouv'Oise,2018-05-17T15:18:44.018000,mouvoise,,1 - schema request,False,False,False,False,False,False
5913166488ee3801f50e7e1d,mouvoise,https://www.data.gouv.fr/fr/datasets/mouvoise/,ba850fa8-c980-4ac4-95c6-579135f60b5e,Bornes de recharge Mouv'Oise,2018-04-20T15:24:44.907000,mouvoise,,1 - schema request,False,False,False,False,False,False
5913166488ee3801f50e7e1d,mouvoise,https://www.data.gouv.fr/fr/datasets/mouvoise/,876c684c-a7c4-4112-acec-1f296314e03f,Bornes de recharge Mouv'Oise,2018-03-01T12:13:06.746000,mouvoise,,1 - schema request,False,False,False,False,False,False
5913166488ee3801f50e7e1d,mouvoise,https://www.data.gouv.fr/fr/datasets/mouvoise/,a5801df4-4726-4980-adbe-2f721527638a,irve-mouvoise-202101.csv,2021-01-25T08:17:28.794000,mouvoise,,1 - schema request,False,False,False,False,False,False
577d1c3f88ee386e530ddd2c,reseau-de-bornes-de-recharge-pour-vehicules-electriques-irve,https://www.data.gouv.fr/fr/datasets/reseau-de-bornes-de-recharge-pour-vehicules-electriques-irve/,01905244-4ebf-404e-b23a-b509ea738f60,irve-siege27-20200113.csv,2021-05-28T16:57:43.880000,christophe-gaillard,,1 - schema request,False,False,False,False,False,False
5b3f674ac751df051a5195c1,localisations-geographiques-et-caracteristiques-techniques-des-stations-et-des-points-de-recharge-pour-vehicules-electriques-du-reseau-wiiiz-implantes-sur-le-territoire-de-la-communaute-dagglomeration-cannes-lerins-france-department-06,https://www.data.gouv.fr/fr/datasets/localisations-geographiques-et-caracteristiques-techniques-des-stations-et-des-points-de-recharge-pour-vehicules-electriques-du-reseau-wiiiz-implantes-sur-le-territoire-de-la-communaute-dagglomeration-cannes-lerins-france-department-06/,08d2bbe1-6194-4b2a-bd0c-715e9621802d,irve-wiizcapl-20190129.csv,2021-05-28T16:57:43.375000,communaute-dagglomeration-cannes-lerins-1,,1 - schema request,False,False,False,False,False,False
5b3f674ac751df051a5195c1,localisations-geographiques-et-caracteristiques-techniques-des-stations-et-des-points-de-recharge-pour-vehicules-electriques-du-reseau-wiiiz-implantes-sur-le-territoire-de-la-communaute-dagglomeration-cannes-lerins-france-department-06,https://www.data.gouv.fr/fr/datasets/localisations-geographiques-et-caracteristiques-techniques-des-stations-et-des-points-de-recharge-pour-vehicules-electriques-du-reseau-wiiiz-implantes-sur-le-territoire-de-la-communaute-dagglomeration-cannes-lerins-france-department-06/,4477b75b-f5b6-495b-8588-221cad8798bc,irve-wiizcacpl-20200518.csv,2021-05-28T16:57:43.173000,communaute-dagglomeration-cannes-lerins-1,,1 - schema request,True,True,True,True,False,True
58d141a888ee380e1e6bf108,infrastructure-de-recharge-pour-vehicules-electriques-et-hybrides-rechargeables-du-syndicat-intercommunal-de-distribution-denergie-de-loir-et-cher,https://www.data.gouv.fr/fr/datasets/infrastructure-de-recharge-pour-vehicules-electriques-et-hybrides-rechargeables-du-syndicat-intercommunal-de-distribution-denergie-de-loir-et-cher/,a6294196-6ce7-4ec9-9a19-47ecbd8e2c09,IRVE_SIDELC_20171011.csv,2021-05-28T16:57:37.774000,syndicat-intercommunal-de-distribution-denergie-de-loir-et-cher,,1 - schema request,False,False,False,False,False,False
56124ddc88ee384b89a80559,reseau-alterbase-irve,https://www.data.gouv.fr/fr/datasets/reseau-alterbase-irve/,14a46b42-8e0e-48ae-bf5d-0de742fc1cee,irve-reseaualterbase-2020-01-14-version-corrigee.csv.csv,2021-05-28T16:57:37.936000,david-baufreton,,1 - schema request,False,False,False,False,False,False
56124ddc88ee384b89a80559,reseau-alterbase-irve,https://www.data.gouv.fr/fr/datasets/reseau-alterbase-irve/,1fe9c3b2-62c8-461e-9e63-88c4b3fe59c4,Reseau AlterBase-MAJ-2019-04,2021-05-28T16:57:38.048000,david-baufreton,,1 - schema request,False,False,False,False,False,False
56124ddc88ee384b89a80559,reseau-alterbase-irve,https://www.data.gouv.fr/fr/datasets/reseau-alterbase-irve/,a7490137-3db6-4e5c-a39d-edb340379e4d,Réseau AlterBase MAJ-2017-11,2021-05-28T16:57:38.210000,david-baufreton,,1 - schema request,False,False,False,False,False,False
56124ddc88ee384b89a80559,reseau-alterbase-irve,https://www.data.gouv.fr/fr/datasets/reseau-alterbase-irve/,65a7294c-1f96-4c3e-a5d7-069b0ca970d4,Réseau AlterBase,2021-05-28T16:57:38.368000,david-baufreton,,1 - schema request,False,False,False,False,False,False
5afaf33888ee387844d7bdf5,infrastructures-de-recharge-pour-vehicules-electriques-irve-1,https://www.data.gouv.fr/fr/datasets/infrastructures-de-recharge-pour-vehicules-electriques-irve-1/,540cbce0-47a6-4c74-b884-37663bbf9576,irve-wiiizcapg-20200331.csv,2021-05-28T16:57:39.150000,communaute-dagglomeration-du-pays-de-grasse,,1 - schema request,True,True,True,True,False,True
5e74d1996799f352767df801,infrastructures-de-recharge-des-vehicules-electriques-irve-a-antibes,https://www.data.gouv.fr/fr/datasets/infrastructures-de-recharge-des-vehicules-electriques-irve-a-antibes/,6e85cabe-dd9c-4d16-b085-3c1c67c35b69,antibes-irve.xlsx,2021-03-22T17:57:33.656000,,wrong-file-format,1 - schema request,False,False,False,False,False,False
5e74d1996799f352767df801,infrastructures-de-recharge-des-vehicules-electriques-irve-a-antibes,https://www.data.gouv.fr/fr/datasets/infrastructures-de-recharge-des-vehicules-electriques-irve-a-antibes/,810f064b-3bd1-48db-b435-bb3f337f1c2a,antibes-irve.csv,2021-03-22T17:57:53.682000,ville-dantibes,,1 - schema request,False,False,False,False,False,False
56421093c751df1cf5aad370,bornes-de-recharge-e-car18,https://www.data.gouv.fr/fr/datasets/bornes-de-recharge-e-car18/,ef0f3505-b7a5-416e-aa70-2a24a835933e,irve-sde18-20210602.csv,2021-06-07T09:43:59.517000,syndicat-departemental-denergie-du-cher,,1 - schema request,False,False,False,False,True,True
56421093c751df1cf5aad370,bornes-de-recharge-e-car18,https://www.data.gouv.fr/fr/datasets/bornes-de-recharge-e-car18/,91f1869b-6cf2-4dad-a6fb-badca775362b,irve-sde18-20210602.xlsx,2021-06-07T09:45:19.311000,,wrong-file-format,1 - schema request,False,False,False,False,False,False
5c4aec6c9ce2e72ff5275b6c,bornes-de-recharge-de-vehicules-electriques-irve,https://www.data.gouv.fr/fr/datasets/bornes-de-recharge-de-vehicules-electriques-irve/,564a7e24-eb69-456c-a0d1-a2750011b363,irve-sde56-20201023.csv,2021-05-28T16:57:39.482000,morbihan-energies,,1 - schema request,True,True,True,True,False,True
5c4aec6c9ce2e72ff5275b6c,bornes-de-recharge-de-vehicules-electriques-irve,https://www.data.gouv.fr/fr/datasets/bornes-de-recharge-de-vehicules-electriques-irve/,e2f49a12-ead4-4f08-bd3c-8482df24b56e,Export au format CSV,2020-10-23T15:18:11,morbihan-energies,,1 - schema request,False,False,False,False,False,False
5c4aec6c9ce2e72ff5275b6c,bornes-de-recharge-de-vehicules-electriques-irve,https://www.data.gouv.fr/fr/datasets/bornes-de-recharge-de-vehicules-electriques-irve/,967688dd-58cc-4ff1-9d35-9bde59693452,Export au format JSON,2020-10-23T15:18:11,,wrong-file-format,1 - schema request,False,False,False,False,False,False
5c4aec6c9ce2e72ff5275b6c,bornes-de-recharge-de-vehicules-electriques-irve,https://www.data.gouv.fr/fr/datasets/bornes-de-recharge-de-vehicules-electriques-irve/,aaef336b-5d71-4271-b38e-6a7bd1a1eddb,Export au format GeoJSON,2020-10-23T15:18:11,,wrong-file-format,1 - schema request,False,False,False,False,False,False
5c4aec6c9ce2e72ff5275b6c,bornes-de-recharge-de-vehicules-electriques-irve,https://www.data.gouv.fr/fr/datasets/bornes-de-recharge-de-vehicules-electriques-irve/,f48a85fd-43f5-42dd-a692-891fbba07334,Export au format Shapefile,2020-10-23T15:18:11,,wrong-file-format,1 - schema request,False,False,False,False,False,False
5ce5492c06e3e763d762522a,bornes-de-recharge-pour-vehicules-electriques-en-provence-alpes-cote-dazur,https://www.data.gouv.fr/fr/datasets/bornes-de-recharge-pour-vehicules-electriques-en-provence-alpes-cote-dazur/,e86ae03b-069c-4961-a65b-52b8a6788d1c,IRVE-REGIONSUD-V09022018-V6,2019-05-09T00:00:00,region-provence-alpes-cote-dazur,,1 - schema request,False,False,False,False,False,False
5ce5492c06e3e763d762522a,bornes-de-recharge-pour-vehicules-electriques-en-provence-alpes-cote-dazur,https://www.data.gouv.fr/fr/datasets/bornes-de-recharge-pour-vehicules-electriques-en-provence-alpes-cote-dazur/,7b33cfe5-534e-478c-b2a1-bd3dd0e38132,IRVE-REGIONSUD-010402019.csv,2019-05-09T00:00:00,region-provence-alpes-cote-dazur,,1 - schema request,False,False,False,False,False,False
5b3f674ac751df051a5195c1,localisations-geographiques-et-caracteristiques-techniques-des-stations-et-des-points-de-recharge-pour-vehicules-electriques-du-reseau-wiiiz-implantes-sur-le-territoire-de-la-communaute-dagglomeration-cannes-lerins-france-department-06,https://www.data.gouv.fr/fr/datasets/localisations-geographiques-et-caracteristiques-techniques-des-stations-et-des-points-de-recharge-pour-vehicules-electriques-du-reseau-wiiiz-implantes-sur-le-territoire-de-la-communaute-dagglomeration-cannes-lerins-france-department-06/,3bd50899-ebbd-4e14-8a0f-e9458ac14c98,wiiiz-open-data-17022021-cacpl.xlsx,2021-03-25T11:38:22.904000,,wrong-file-format,1 - schema request,False,False,False,False,False,False
583d971dc751df6879c0bb7e,syane-bornes-de-recharge-pour-vehicule-electrique,https://www.data.gouv.fr/fr/datasets/syane-bornes-de-recharge-pour-vehicule-electrique/,51f7595a-4ceb-4e46-8490-bbf14478d66c,SYANE_26/03/20_IRVE_Bornes de recharge,2021-05-28T16:57:43.007000,gabrielle-caro,,1 - schema request,False,False,False,False,False,False
5821b44b88ee385387c65bb3,reseau-de-bornes-de-recharge-pour-vehicules-electriques-31-irve,https://www.data.gouv.fr/fr/datasets/reseau-de-bornes-de-recharge-pour-vehicules-electriques-31-irve/,bad9974a-56c9-45fd-bb7b-528fed9d007c,irve-sdehg-20190528.csv,2021-01-28T14:53:43.265000,syndicat-departemental-denergie-de-la-haute-garonne,,1 - schema request,False,False,False,False,False,False
5880d9f788ee3849949b81a7,reseau-de-bornes-de-recharge-pour-vehicules-electriques-du-syndicat-departemental-denergie-des-hautes-pyrenees-sde65,https://www.data.gouv.fr/fr/datasets/reseau-de-bornes-de-recharge-pour-vehicules-electriques-du-syndicat-departemental-denergie-des-hautes-pyrenees-sde65/,5f6e45e2-95bd-46b2-817c-78f533405415,IRVE_SDE65_20170810.csv,2021-05-28T16:57:41.760000,serge-cieutat,,1 - schema request,False,False,False,False,False,False
599d255888ee3873c1b084f1,sdey-bornes-de-recharge-pour-vehicule-electrique,https://www.data.gouv.fr/fr/datasets/sdey-bornes-de-recharge-pour-vehicule-electrique/,93b6eddf-9320-400b-bbcb-3be7151d4964,SDEY_26/03/20_IRVE_Bornes de recharge,2021-05-28T16:57:41.572000,gabrielle-caro,,1 - schema request,False,False,False,False,False,False
58da20dac751df37eb131d66,sded-bornes-de-recharge-pour-vehicule-electrique-1,https://www.data.gouv.fr/fr/datasets/sded-bornes-de-recharge-pour-vehicule-electrique-1/,31bb1f93-a2cb-423a-b870-311e0b5e28e6,SDED_26/03/20_IRVE_Bornes de recharge,2021-05-28T16:57:41.412000,syndicat-departemental-denergies-de-la-drome,,1 - schema request,False,False,False,False,False,False
5913166488ee3801f50e7e1d,mouvoise,https://www.data.gouv.fr/fr/datasets/mouvoise/,a263b5e4-7cd9-4924-a312-0c368303dc5a,Bornes de recharge Mouv'Oise,2018-01-29T11:11:00.717000,,wrong-file-format,1 - schema request,False,False,False,False,False,False
57a4422988ee383ec3d73ff5,bornes-de-recharge-mobisdec-syndicat-departemental-denergies-du-calvados,https://www.data.gouv.fr/fr/datasets/bornes-de-recharge-mobisdec-syndicat-departemental-denergies-du-calvados/,06815fe8-279c-463c-a6bf-3b0746ba5c16,Stations-recharge-VE-CALVADOS_SDEC_ENERGIE.xlsx,2017-06-20T08:19:09.776000,,wrong-file-format,1 - schema request,False,False,False,False,False,False
56ceb2aec751df7fceabb90c,stations-de-recharge-publiques-pour-vehicules-electriques-sur-le-departement-de-la-vienne,https://www.data.gouv.fr/fr/datasets/stations-de-recharge-publiques-pour-vehicules-electriques-sur-le-departement-de-la-vienne/,029d9968-a677-4568-83ba-d3ec2b8fbbd3,irve-soregies-20200430.xlsx,2020-04-09T16:51:57.529000,,wrong-file-format,1 - schema request,False,False,False,False,False,False
56ceb2aec751df7fceabb90c,stations-de-recharge-publiques-pour-vehicules-electriques-sur-le-departement-de-la-vienne,https://www.data.gouv.fr/fr/datasets/stations-de-recharge-publiques-pour-vehicules-electriques-sur-le-departement-de-la-vienne/,99002f5b-f957-45e2-9d7a-ce04c66b3ad3,irve-soregies-20200430.csv,2021-05-28T16:57:40.610000,soregies,,1 - schema request,False,False,False,False,False,False
58da1735c751df0448d71a61,sde07-bornes-de-recharge-pour-vehicule-electrique-3,https://www.data.gouv.fr/fr/datasets/sde07-bornes-de-recharge-pour-vehicule-electrique-3/,abef512f-da52-4178-bc10-4cd06ef07c35,SDE07_26/03/20_IRVE_Bornes de recharge,2021-05-28T16:57:40.434000,syndicat-departemental-denergies-de-lardeche,,1 - schema request,False,False,False,False,False,False
54b7ce3ec751df56d15fa5a2,stations-de-recharge-pour-vehicules-electriques-sur-le-territoire-vendeen,https://www.data.gouv.fr/fr/datasets/stations-de-recharge-pour-vehicules-electriques-sur-le-territoire-vendeen/,9e6f5b16-eaaa-4ac2-8076-c1c64e9de993,irve-sydev-20210113.csv,2021-05-28T16:57:39.261000,sydev,,1 - schema request,False,False,False,False,False,False
5ce5492c06e3e763d762522a,bornes-de-recharge-pour-vehicules-electriques-en-provence-alpes-cote-dazur,https://www.data.gouv.fr/fr/datasets/bornes-de-recharge-pour-vehicules-electriques-en-provence-alpes-cote-dazur/,add8fd4c-9444-4b5e-b9cb-81c7c9dfa57e,IRVE-Region SUD 27072020.csv,2020-07-27T00:00:00,region-provence-alpes-cote-dazur,,1 - schema request,False,False,False,False,False,False
5ce5492c06e3e763d762522a,bornes-de-recharge-pour-vehicules-electriques-en-provence-alpes-cote-dazur,https://www.data.gouv.fr/fr/datasets/bornes-de-recharge-pour-vehicules-electriques-en-provence-alpes-cote-dazur/,ac385518-c013-49f3-9f19-c28547d81d12,IRVE-Region SUD 27072020.xls,2020-07-27T00:00:00,,wrong-file-format,1 - schema request,False,False,False,False,False,False
57a4422988ee383ec3d73ff5,bornes-de-recharge-mobisdec-syndicat-departemental-denergies-du-calvados,https://www.data.gouv.fr/fr/datasets/bornes-de-recharge-mobisdec-syndicat-departemental-denergies-du-calvados/,19d019d4-f914-48d1-9ca9-c5630e1f7617,irve-mobisdec-20201109.csv,2021-05-28T16:57:41.904000,alban-raffray,,1 - schema request,False,False,False,False,False,False
5913166488ee3801f50e7e1d,mouvoise,https://www.data.gouv.fr/fr/datasets/mouvoise/,78b1f016-1682-4580-a739-ef81edfedf22,Bornes de recharge Mouv'Oise,2017-12-29T16:36:50.902000,,wrong-file-format,1 - schema request,False,False,False,False,False,False
5913166488ee3801f50e7e1d,mouvoise,https://www.data.gouv.fr/fr/datasets/mouvoise/,fb0afed4-a760-4a25-8a61-6296f6400dcf,Borne de recharge Mouv'Oise,2017-11-03T14:26:23.868000,,wrong-file-format,1 - schema request,False,False,False,False,False,False
5913166488ee3801f50e7e1d,mouvoise,https://www.data.gouv.fr/fr/datasets/mouvoise/,f563043c-75b4-4d57-937b-c139b2c6317f,Borne de recharge Mouv'Oise,2017-10-24T14:16:42.643000,,wrong-file-format,1 - schema request,False,False,False,False,False,False
5b0d1898c751df6efe616945,irve-syded-recensement-et-information-doubs,https://www.data.gouv.fr/fr/datasets/irve-syded-recensement-et-information-doubs/,662953da-7317-4c9a-8b40-debf3133bbca,irve-syded-20200305-1-.csv,2020-03-05T10:48:31.367000,guillaume-faltot,,1 - schema request,False,False,False,False,False,False
5a4f9a4ec751df0401d59ac2,infrastructure-de-recharge-pour-vehicules-electriques,https://www.data.gouv.fr/fr/datasets/infrastructure-de-recharge-pour-vehicules-electriques/,6a58a299-3cbe-446c-9ca4-742324fd42ba,IRVE_SYDESL,2021-05-28T16:57:44.683000,syndicat-departemental-denergie-de-saone-et-loire,,1 - schema request,False,False,False,False,False,False
59ed816a88ee381ce1c5da81,irve-sied70-recensement-et-information-haute-saone,https://www.data.gouv.fr/fr/datasets/irve-sied70-recensement-et-information-haute-saone/,6ee579c7-f9d2-4395-8dc1-b0420ad50479,irve-sied70-20190228.csv,2021-05-28T16:57:44.873000,guillaume-faltot,,1 - schema request,False,False,False,False,False,False
592c61f7c751df01906abea6,bornes-de-recharge-de-la-cchvc-communaute-de-communes-de-la-haute-vallee-de-chevreuse-1,https://www.data.gouv.fr/fr/datasets/bornes-de-recharge-de-la-cchvc-communaute-de-communes-de-la-haute-vallee-de-chevreuse-1/,8a744efe-d86b-40c6-bae6-4672a78c1268,Bornes de recharge de la CCHVC - Communauté de Communes de la Haute Vallée de Chevreuse,2021-05-28T16:57:44.313000,clem-mobilite-1,,1 - schema request,False,False,False,False,False,False
5970c5a6c751df4c451097fe,bornes-de-recharge-pour-vehicules-electriques-1,https://www.data.gouv.fr/fr/datasets/bornes-de-recharge-pour-vehicules-electriques-1/,fde0722b-9863-4c54-8c0f-e5bbcf474e8a,IRVE_PASS_PASS_ELECTRIQUE_Valenciennes_Metropole.csv,2021-05-28T16:57:46.794000,helene-singez,,1 - schema request,False,False,False,False,False,False
5a3a8ed7c751df494655004c,infrastructures-de-recharge-pour-vehicules-electriques-paris-aeroports,https://www.data.gouv.fr/fr/datasets/infrastructures-de-recharge-pour-vehicules-electriques-paris-aeroports/,f63cf765-8aa2-47d1-ba7e-5e3d2828daf7,Infrastructures de Recharge pour Véhicules Électriques - Paris Aéroports,2021-05-28T16:57:46.440000,aurelien-ouellette,,1 - schema request,False,False,False,False,False,False
591ef48bc751df592ceb40ca,irve-sdey-yonne-20170519,https://www.data.gouv.fr/fr/datasets/irve-sdey-yonne-20170519/,e8b3dd76-d39e-4016-80b6-92384f056390,IRVE_SDEY_YONNE_20170519.csv,2021-05-28T16:57:46.633000,patrice-lozere,,1 - schema request,False,False,False,False,False,False
5bc5a475634f411a952c892f,caracteristiques-des-points-de-charge-pour-vehicules-electriques-electric-55-charging-ouverts-au-public,https://www.data.gouv.fr/fr/datasets/caracteristiques-des-points-de-charge-pour-vehicules-electriques-electric-55-charging-ouverts-au-public/,60be29cf-4ee9-4657-805f-16b90960230a,irve-e55c-ajourle.14.08.20.csv,2021-05-28T16:57:46.292000,plus-de-bornes,,1 - schema request,False,False,False,False,False,False
5e846151e9a643576341e9e7,infrastructures-de-recharge-pour-vehicules-electriques-pass-pass-electrique,https://www.data.gouv.fr/fr/datasets/infrastructures-de-recharge-pour-vehicules-electriques-pass-pass-electrique/,4e9608c9-442a-4b39-8ed3-3eb92491a9bb,irve-hdf-20200318.csv,2021-05-28T16:57:42.874000,alexandre-court-2,,1 - schema request,False,False,False,False,False,False
5a7d59e7c751df5704e3519d,infrastructures-de-recharge-pour-vehicules-electriques-sidelc,https://www.data.gouv.fr/fr/datasets/infrastructures-de-recharge-pour-vehicules-electriques-sidelc/,05ab8a52-2976-489c-a6db-01bcbefa4e92,IRVE_SIDELC_20180209.csv,2018-02-09T10:45:13.576000,leonard-du-mas-de-paysac,,1 - schema request,False,False,False,False,False,False
5c892d5d634f414f7ce42e17,bornes-de-recharge-du-reseau-te61,https://www.data.gouv.fr/fr/datasets/bornes-de-recharge-du-reseau-te61/,1e5973fe-785d-48d1-bb2b-671db99c2c60,irve-te61-20200603.csv,2020-07-10T11:17:11.114000,gireve-2,,1 - schema request,False,False,False,False,False,False
5c892d5d634f414f7ce42e17,bornes-de-recharge-du-reseau-te61,https://www.data.gouv.fr/fr/datasets/bornes-de-recharge-du-reseau-te61/,40f5e942-5245-4837-b140-8e4c5bc61529,irve-te61-20200309.csv,2020-03-09T15:36:37.169000,gireve-2,,1 - schema request,False,False,False,False,False,False
5c892d5d634f414f7ce42e17,bornes-de-recharge-du-reseau-te61,https://www.data.gouv.fr/fr/datasets/bornes-de-recharge-du-reseau-te61/,3d8e4ead-0ed9-4f3f-b181-6bb7f57a6c44,irve-te61-20191224.csv,2020-01-20T16:53:28.908000,gireve-2,,1 - schema request,False,False,False,False,False,False
5c892d5d634f414f7ce42e17,bornes-de-recharge-du-reseau-te61,https://www.data.gouv.fr/fr/datasets/bornes-de-recharge-du-reseau-te61/,3b119cfa-1a9a-4ead-99b8-2eb0b504ba11,irve-te61-20191010.csv,2019-11-29T12:29:24.539000,gireve-2,,1 - schema request,False,False,False,False,False,False
5c892d5d634f414f7ce42e17,bornes-de-recharge-du-reseau-te61,https://www.data.gouv.fr/fr/datasets/bornes-de-recharge-du-reseau-te61/,39e1d7fe-be0e-4c52-8d95-4fb5070f2070,irve-te61-20190823.csv,2019-09-11T10:59:05.581000,gireve-2,,1 - schema request,False,False,False,False,False,False
5c892d5d634f414f7ce42e17,bornes-de-recharge-du-reseau-te61,https://www.data.gouv.fr/fr/datasets/bornes-de-recharge-du-reseau-te61/,a8964b82-24c4-4602-a153-72c850175a56,20190705-te61.csv,2019-07-30T11:07:24.742000,gireve-2,,1 - schema request,False,False,False,False,False,False
5c892d5d634f414f7ce42e17,bornes-de-recharge-du-reseau-te61,https://www.data.gouv.fr/fr/datasets/bornes-de-recharge-du-reseau-te61/,47e3be73-c2ab-4512-b12d-9ba1afbbe5fe,20190426-s61.csv,2019-05-31T09:41:02.009000,gireve-2,,1 - schema request,False,False,False,False,False,False
6051e73b824c82b3dc1a587b,electro-mobility,https://www.data.gouv.fr/fr/datasets/electro-mobility/,08e36510-bc95-49d9-a92c-cf36a9ffc871,etalab-schema-irve-spi-fermetures.csv,2021-03-26T16:37:51.629000,eywaz-kilic,,1 - schema request,False,False,False,False,False,False
6051e73b824c82b3dc1a587b,electro-mobility,https://www.data.gouv.fr/fr/datasets/electro-mobility/,6f82dcf8-e093-451a-ad4a-5a8399263bff,etalab-schema-irve-blueselfstockage92-copie.csv,2021-03-26T18:22:18.538000,eywaz-kilic,,1 - schema request,False,False,False,False,False,False
5ea9832d012de566efb0627b,irve-ccphva,https://www.data.gouv.fr/fr/datasets/irve-ccphva/,ee6c78d6-76fc-4308-b8cb-b307712bf832,irve-ccphva-20200429.csv,2020-04-29T15:43:46.729000,salim-el-rhazi,,1 - schema request,False,False,False,False,False,False
5c09865e634f41331416e805,paris-recharge,https://www.data.gouv.fr/fr/datasets/paris-recharge/,87c60c59-0795-455e-bc91-4213abbba071,irve-paris-recharge-20181207.csv,2021-05-28T16:57:46.090000,frederic-allari,,1 - schema request,False,False,False,False,False,False
5c892e50634f4152dc221118,bornes-de-recharge-du-reseau-sde28,https://www.data.gouv.fr/fr/datasets/bornes-de-recharge-du-reseau-sde28/,28813422-183a-437b-b1fe-bc4aa70bbeb5,20181130-sde28.csv,2019-03-13T17:22:52.307000,gireve-2,,1 - schema request,False,False,False,False,False,False
5c892e50634f4152dc221118,bornes-de-recharge-du-reseau-sde28,https://www.data.gouv.fr/fr/datasets/bornes-de-recharge-du-reseau-sde28/,3e765d54-f81c-412d-8333-afd9dce02d2f,20190426-g28.csv,2019-05-31T09:31:28.412000,gireve-2,,1 - schema request,False,False,False,False,False,False
5d260af0634f4137439e9426,infrastructures-de-recharge-pour-vehicules-electriques-metropole-aix-marseille-provence,https://www.data.gouv.fr/fr/datasets/infrastructures-de-recharge-pour-vehicules-electriques-metropole-aix-marseille-provence/,df922622-a1c3-4e27-abe0-2590e38ff545,irve-mamp-20210409.csv,2021-05-28T16:57:40.767000,alexandre-court-2,,1 - schema request,False,False,False,False,False,False
5c892e50634f4152dc221118,bornes-de-recharge-du-reseau-sde28,https://www.data.gouv.fr/fr/datasets/bornes-de-recharge-du-reseau-sde28/,bdae432e-62b7-4bd1-93af-921ec656fe08,20190705-sde28.csv,2019-07-30T11:06:17.317000,gireve-2,,1 - schema request,False,False,False,False,False,False
5c892e50634f4152dc221118,bornes-de-recharge-du-reseau-sde28,https://www.data.gouv.fr/fr/datasets/bornes-de-recharge-du-reseau-sde28/,94eeb795-9b20-43be-824d-4746bdbafbc9,irve-sde28-20191010.csv,2019-11-29T12:28:41.358000,gireve-2,,1 - schema request,False,False,False,False,False,False
5c892e50634f4152dc221118,bornes-de-recharge-du-reseau-sde28,https://www.data.gouv.fr/fr/datasets/bornes-de-recharge-du-reseau-sde28/,0b39261f-6da2-4b21-97ec-a064502d1fc5,irve-sde28-20191224.csv,2020-01-20T16:54:04.319000,gireve-2,,1 - schema request,False,False,False,False,False,False
5c892e50634f4152dc221118,bornes-de-recharge-du-reseau-sde28,https://www.data.gouv.fr/fr/datasets/bornes-de-recharge-du-reseau-sde28/,4fb5c9b8-cfbc-4765-a2d1-86c0244ffe2e,irve-sde28-20200309.csv,2020-03-09T15:36:24.602000,gireve-2,,1 - schema request,False,False,False,False,False,False
5c892e50634f4152dc221118,bornes-de-recharge-du-reseau-sde28,https://www.data.gouv.fr/fr/datasets/bornes-de-recharge-du-reseau-sde28/,c57b7ab0-f375-4e5e-850b-944d29e24e2d,irve-energie-eure-et-loir-20200603.csv,2020-07-10T11:16:34.042000,gireve-2,,1 - schema request,False,False,False,False,False,False
5f588ae47f690901ede4f461,bornes-irve-pays-de-gex-agglo-2,https://www.data.gouv.fr/fr/datasets/bornes-irve-pays-de-gex-agglo-2/,54135a75-8d1e-4ad7-81d2-8c1ca262ae1f,irve-pdga-v3.csv,2021-05-28T16:57:42.768000,pays-de-gex-agglo,,1 - schema request,False,False,False,False,False,False
5c892d5d634f414f7ce42e17,bornes-de-recharge-du-reseau-te61,https://www.data.gouv.fr/fr/datasets/bornes-de-recharge-du-reseau-te61/,d95a80fe-cb0f-49ec-8319-5aa41795d4dc,20181130-te61.csv,2019-03-13T17:18:47.059000,gireve-2,,1 - schema request,False,False,False,False,False,False
5c892e50634f4152dc221118,bornes-de-recharge-du-reseau-sde28,https://www.data.gouv.fr/fr/datasets/bornes-de-recharge-du-reseau-sde28/,cc3595b9-4577-4ca7-a8ff-77a688017a64,irve-sde28-20190823.csv,2019-09-11T10:57:25.664000,gireve-2,,1 - schema request,False,False,False,False,False,False
542a78a488ee382b8d22e2dd,infrastructures-de-recharge-pour-vehicules-electriques,https://www.data.gouv.fr/fr/datasets/infrastructures-de-recharge-pour-vehicules-electriques/,e018eec1-b3ed-49ec-a945-cdd1c4b2ae4b,Bornes de recharge CNR - Move in Pure,2018-04-20T15:22:57.151000,cnr,,1 - schema request,False,False,False,False,False,False
57bc425388ee380703b627aa,bornes-de-recharge-pour-vehicules-electriques-sde29,https://www.data.gouv.fr/fr/datasets/bornes-de-recharge-pour-vehicules-electriques-sde29/,c72e84d4-b640-4d68-a0b7-997ecdb0ffa7,IRVE_SDE29_20170126.csv,2017-02-08T15:56:53.235000,service-sig-sdef,,1 - schema request,False,False,False,False,False,False
57bc425388ee380703b627aa,bornes-de-recharge-pour-vehicules-electriques-sde29,https://www.data.gouv.fr/fr/datasets/bornes-de-recharge-pour-vehicules-electriques-sde29/,04d40b0d-dc78-4a60-a12e-53db2d7d3389,IRVE_SDE29_20170822.csv,2017-08-22T15:41:12.653000,service-sig-sdef,,1 - schema request,False,False,False,False,False,False
5913166488ee3801f50e7e1d,mouvoise,https://www.data.gouv.fr/fr/datasets/mouvoise/,534584fd-4767-4712-a2e3-bb0f28268a15,Borne de recharge Mouv'Oise,2017-09-18T15:19:56.090000,,wrong-file-format,1 - schema request,False,False,False,False,False,False
5913166488ee3801f50e7e1d,mouvoise,https://www.data.gouv.fr/fr/datasets/mouvoise/,6b6c19b9-82a1-4f3a-b010-3faef879f6ca,Bornes de recharge Mouv'Oise,2017-08-30T15:23:09.916000,,wrong-file-format,1 - schema request,False,False,False,False,False,False
5913166488ee3801f50e7e1d,mouvoise,https://www.data.gouv.fr/fr/datasets/mouvoise/,eeda9ea4-161e-437c-b710-a1bc5b839c22,Bornes de recharge Mouv'Oise,2021-05-28T16:57:45.614000,mouvoise,,1 - schema request,False,False,False,False,False,False
5913166488ee3801f50e7e1d,mouvoise,https://www.data.gouv.fr/fr/datasets/mouvoise/,e82225aa-f38b-4009-88f7-c66cf2bc2a94,Bornes de recharge Mouv'Oise,2021-05-28T16:57:45.789000,mouvoise,,1 - schema request,False,False,False,False,False,False
5913166488ee3801f50e7e1d,mouvoise,https://www.data.gouv.fr/fr/datasets/mouvoise/,7d8f6ce5-5a2d-4614-97cc-aafc6bebe933,Bornes de recharge Mouv'Oise,2017-06-27T15:22:10.053000,,wrong-file-format,1 - schema request,False,False,False,False,False,False
5913166488ee3801f50e7e1d,mouvoise,https://www.data.gouv.fr/fr/datasets/mouvoise/,60c8854f-7776-4216-949d-235080a02a70,IRVE_SE60_20170502.xlsx,2017-05-10T15:32:27.658000,,wrong-file-format,1 - schema request,False,False,False,False,False,False
5acf1f81c751df0a538c1f48,infrastructures-de-recharge-pour-vehicules-electriques-simone-1,https://www.data.gouv.fr/fr/datasets/infrastructures-de-recharge-pour-vehicules-electriques-simone-1/,747a856a-4eda-4e37-ba60-4159c4cbc8fe,irve-simone-20210409.csv,2021-05-28T16:57:45.957000,alexandre-court-2,,1 - schema request,False,False,False,False,False,False
58f7523588ee381218142f7a,bornes-de-recharge-sde-76-syndicat-departemental-denergie-de-la-seine-maritime,https://www.data.gouv.fr/fr/datasets/bornes-de-recharge-sde-76-syndicat-departemental-denergie-de-la-seine-maritime/,12a253fe-526e-4dbe-971c-61870e1b8083,IRVE_SDE76_20180411,2021-05-28T16:57:45.318000,aurelien-ouellette,,1 - schema request,False,False,False,False,False,False
5c8924bf634f41385f1fb82c,bornes-de-recharge-du-reseau-sydego-1,https://www.data.gouv.fr/fr/datasets/bornes-de-recharge-du-reseau-sydego-1/,4c72e3dc-3767-46c9-b5d0-d06c8ed5e9cb,irve-sydego-20200608.csv,2020-07-10T11:27:05.679000,gireve-2,,1 - schema request,False,False,False,False,False,False
5c8924bf634f41385f1fb82c,bornes-de-recharge-du-reseau-sydego-1,https://www.data.gouv.fr/fr/datasets/bornes-de-recharge-du-reseau-sydego-1/,873b3ace-22c0-4712-ae61-0e7204d8a63e,irve-sydego-20200309.csv,2020-03-09T15:37:10.078000,gireve-2,,1 - schema request,False,False,False,False,False,False
5c8924bf634f41385f1fb82c,bornes-de-recharge-du-reseau-sydego-1,https://www.data.gouv.fr/fr/datasets/bornes-de-recharge-du-reseau-sydego-1/,30155455-de66-4bd2-a242-3217fd6e7489,irve-sydego-20191009.csv,2019-11-29T12:31:08.776000,gireve-2,,1 - schema request,False,False,False,False,False,False
5c8924bf634f41385f1fb82c,bornes-de-recharge-du-reseau-sydego-1,https://www.data.gouv.fr/fr/datasets/bornes-de-recharge-du-reseau-sydego-1/,f7f1aaaf-e10e-4719-879a-412f8cd19f03,irve-sydego-20190809.csv,2019-09-11T10:58:31.562000,gireve-2,,1 - schema request,False,False,False,False,False,False
5c8924bf634f41385f1fb82c,bornes-de-recharge-du-reseau-sydego-1,https://www.data.gouv.fr/fr/datasets/bornes-de-recharge-du-reseau-sydego-1/,81a80011-1e3c-428a-910a-ea6e4f23cf80,20190612-sydego.csv,2019-07-30T11:11:03.108000,gireve-2,,1 - schema request,False,False,False,False,False,False
5c8924bf634f41385f1fb82c,bornes-de-recharge-du-reseau-sydego-1,https://www.data.gouv.fr/fr/datasets/bornes-de-recharge-du-reseau-sydego-1/,e3bf20cc-3b4b-4e14-952b-252850d9c67f,20190306-sydego.csv,2019-04-23T11:17:55.014000,gireve-2,,1 - schema request,False,False,False,False,False,False
5c8924bf634f41385f1fb82c,bornes-de-recharge-du-reseau-sydego-1,https://www.data.gouv.fr/fr/datasets/bornes-de-recharge-du-reseau-sydego-1/,9defa2fe-5bed-4080-a81f-2a9c176e0bc1,20190129-sydego.csv,2019-03-13T16:42:14.894000,gireve-2,,1 - schema request,False,False,False,False,False,False
583d869ec751df49bbc0bb7e,sded-bornes-de-recharge-pour-vehicule-electrique,https://www.data.gouv.fr/fr/datasets/sded-bornes-de-recharge-pour-vehicule-electrique/,28c16aca-15f8-4801-86a2-732c4828fa01,SDED_26/03/20_IRVE_Bornes de recharge,2021-05-28T16:57:40.188000,gabrielle-caro,,1 - schema request,False,False,False,False,False,False
5c6403b3634f410bee98c9cb,bornes-de-recharges-ecocharge77,https://www.data.gouv.fr/fr/datasets/bornes-de-recharges-ecocharge77/,6d189577-af67-4d72-ba60-73fa62fd35fc,IRVE_sdesm_20210609.csv,2021-06-09T17:54:24.122000,marc-boitel,,1 - schema request,False,False,False,False,True,True
57bc425388ee380703b627aa,bornes-de-recharge-pour-vehicules-electriques-sde29,https://www.data.gouv.fr/fr/datasets/bornes-de-recharge-pour-vehicules-electriques-sde29/,ef3b67f9-915c-4252-b67e-b2a1f70e7831,IRVE_SDE29_20180404.csv,2018-04-04T11:30:47.288000,service-sig-sdef,,1 - schema request,False,False,False,False,False,False
57bc425388ee380703b627aa,bornes-de-recharge-pour-vehicules-electriques-sde29,https://www.data.gouv.fr/fr/datasets/bornes-de-recharge-pour-vehicules-electriques-sde29/,bba5a332-470a-4901-9c1a-5a4f53c60a1b,irve-sde29-20190118.xls,2019-01-18T14:19:17.155000,,wrong-file-format,1 - schema request,False,False,False,False,False,False
57bc425388ee380703b627aa,bornes-de-recharge-pour-vehicules-electriques-sde29,https://www.data.gouv.fr/fr/datasets/bornes-de-recharge-pour-vehicules-electriques-sde29/,35b4cdb3-b731-4e7f-813a-e9a91f9c77cd,irve-sde29-20210312.csv,2021-03-12T14:46:36.534000,service-sig-sdef,,1 - schema request,False,False,False,False,False,False
5c892700634f413f607d6e70,bornes-de-recharge-du-reseau-modulo,https://www.data.gouv.fr/fr/datasets/bornes-de-recharge-du-reseau-modulo/,686d6a13-9325-456f-b11f-49d4934e5386,20190111-enersieil.csv,2019-03-13T16:51:45.169000,gireve-2,,1 - schema request,False,False,False,False,False,False
5c892700634f413f607d6e70,bornes-de-recharge-du-reseau-modulo,https://www.data.gouv.fr/fr/datasets/bornes-de-recharge-du-reseau-modulo/,e8cb8d24-ff18-4459-8ca7-3f9e4ea6f05a,20190705-modulo.csv,2019-07-30T11:09:55.892000,gireve-2,,1 - schema request,False,False,False,False,False,False
5c892700634f413f607d6e70,bornes-de-recharge-du-reseau-modulo,https://www.data.gouv.fr/fr/datasets/bornes-de-recharge-du-reseau-modulo/,4e08e3fc-57c6-4415-bc35-d226827bf1fd,irve-modulo-20190827.csv,2019-09-11T10:56:03.954000,gireve-2,,1 - schema request,False,False,False,False,False,False
57bc425388ee380703b627aa,bornes-de-recharge-pour-vehicules-electriques-sde29,https://www.data.gouv.fr/fr/datasets/bornes-de-recharge-pour-vehicules-electriques-sde29/,7cddde99-9481-4bb8-a659-ccaad5243e11,IRVE_SDE29_20170515.csv,2017-05-23T15:05:58.039000,service-sig-sdef,,1 - schema request,False,False,False,False,False,False
5c892700634f413f607d6e70,bornes-de-recharge-du-reseau-modulo,https://www.data.gouv.fr/fr/datasets/bornes-de-recharge-du-reseau-modulo/,e4c1e1ad-b4fb-44cb-b205-8b051bcbfdb0,irve-modulo-20191023.csv,2019-11-29T12:29:52.756000,gireve-2,,1 - schema request,False,False,False,False,False,False
5c892700634f413f607d6e70,bornes-de-recharge-du-reseau-modulo,https://www.data.gouv.fr/fr/datasets/bornes-de-recharge-du-reseau-modulo/,3187539c-9f5a-4683-8039-73a7173c08ba,irve-modulo-20200309.csv,2020-03-09T15:36:53.890000,gireve-2,,1 - schema request,False,False,False,False,False,False
5c892700634f413f607d6e70,bornes-de-recharge-du-reseau-modulo,https://www.data.gouv.fr/fr/datasets/bornes-de-recharge-du-reseau-modulo/,7a8b8e81-04b1-44a8-81d7-0ec56f9ce107,irve-modulo-20200428.csv,2020-07-10T11:37:03.202000,gireve-2,,1 - schema request,False,False,False,False,False,False
5bd06d168b4c413e0b092a0b,installations-de-recharge-de-vehicules-electriques,https://www.data.gouv.fr/fr/datasets/installations-de-recharge-de-vehicules-electriques/,cb5b0952-6275-4494-a24d-c78d04dd7b9f,tableau-irve-gouv.csv,2021-05-28T16:57:40.904000,chambery-grand-lac-economie-1,,1 - schema request,False,False,False,False,False,False
5a200b9788ee38153ad6fe1e,bornes-de-recharge-de-laube-irve,https://www.data.gouv.fr/fr/datasets/bornes-de-recharge-de-laube-irve/,313244c6-bfe0-49f2-8892-6c91e3e6338c,IRVE_SDEA10_20180503,2021-05-28T16:57:41.014000,syndicat-departemental-denergie-de-laube-1,,1 - schema request,False,False,False,False,False,False
58be7729c751df502a6894ff,irve-se61-20170306,https://www.data.gouv.fr/fr/datasets/irve-se61-20170306/,0ea3d6d8-04e6-42d7-a2a3-48dd35ba4a9e,IRVE_Se61_20170306.csv,2021-05-28T16:57:41.265000,leonard-du-mas-de-paysac,,1 - schema request,False,False,False,False,False,False
58be7729c751df502a6894ff,irve-se61-20170306,https://www.data.gouv.fr/fr/datasets/irve-se61-20170306/,9884dfaf-af80-4987-8353-99b920b1606d,IRVE_Se61_20180615.csv,2021-05-28T16:57:41.141000,leonard-du-mas-de-paysac,,1 - schema request,False,False,False,False,False,False
5c892700634f413f607d6e70,bornes-de-recharge-du-reseau-modulo,https://www.data.gouv.fr/fr/datasets/bornes-de-recharge-du-reseau-modulo/,627dabce-a369-4161-990f-dc10bb018852,irve-modulo-20200108.csv,2020-01-20T16:54:42.308000,gireve-2,,1 - schema request,False,False,False,False,False,False
6051e73b824c82b3dc1a587b,electro-mobility,https://www.data.gouv.fr/fr/datasets/electro-mobility/,03de6309-9c71-46e4-a2f6-64e2df38e675,etalab-schema-irve-bluewash1.csv,2021-03-17T14:28:19.344000,eywaz-kilic,,1 - schema request,False,False,False,False,False,False
542a78a488ee382b8d22e2dd,infrastructures-de-recharge-pour-vehicules-electriques,https://www.data.gouv.fr/fr/datasets/infrastructures-de-recharge-pour-vehicules-electriques/,7f3cb6f0-58b8-4819-969b-0cdeae7dba80,Bornes de recharge CNR au 02/11/2020,2020-11-02T11:50:36.684000,cnr,,1 - schema request,False,False,False,False,False,False
5b5c3f39b595083b56d496c9,localisation-des-points-de-recharge-pour-vehicules-electriques,https://www.data.gouv.fr/fr/datasets/localisation-des-points-de-recharge-pour-vehicules-electriques/,2375478b-9bd1-48f3-8cb1-432af16cdca9,Export au format Shapefile,2018-07-27T07:18:25,,wrong-file-format,1 - schema request,False,False,False,False,False,False
609a8e787755241db91d47fa,installation-de-bornes-de-recharges-sur-cavaillon,https://www.data.gouv.fr/fr/datasets/installation-de-bornes-de-recharges-sur-cavaillon/,ea6ca3e8-740d-4494-976b-4bfcd503a0b1,Borne de charge IRVE ALU GRANON,2021-06-17T14:49:20.562000,lionel-czimer,,1 - schema request,False,False,False,False,True,True
609a8e787755241db91d47fa,installation-de-bornes-de-recharges-sur-cavaillon,https://www.data.gouv.fr/fr/datasets/installation-de-bornes-de-recharges-sur-cavaillon/,0832728c-7ecf-4b79-ac44-a3d8df660658,Bornes de recharges GAMBUS et PHA,2021-05-28T16:57:47.247000,lionel-czimer,,1 - schema request,False,False,False,False,True,True
60d1cb3fd0fa38e81dd5c945,borne-de-recharge-coprodex-saint-avold,https://www.data.gouv.fr/fr/datasets/borne-de-recharge-coprodex-saint-avold/,e5942621-061d-4764-a5ac-332695feda84,DATA GOUV - Borne de recharge Coprodex Saint-Avold,2021-06-22T13:36:32.155000,brach-nicolas,,1 - schema request,False,False,False,False,True,True
6025412b9f0d0a06cc986414,premier-export-irve-zeborne-mobility-services-fev2021,https://www.data.gouv.fr/fr/datasets/premier-export-irve-zeborne-mobility-services-fev2021/,0e6f14af-b7e3-4d10-89d1-f53c49220746,export-irve-data-gouv-v1-11fev21.csv,2021-05-28T16:57:47.420000,eric-leclere,,1 - schema request,False,False,False,False,False,False
60d04ba06cc14b6e59b33eaf,bornes-sde-creuse,https://www.data.gouv.fr/fr/datasets/bornes-sde-creuse/,e79c87a5-2658-4fbd-93bf-7100036a24dc,SDIRVE SDE23,2021-06-21T15:51:35.510000,thibault-prouin,,1 - schema request,False,False,False,False,True,True
60c4b484098ecb70105ab69b,liste-place-de-recharge,https://www.data.gouv.fr/fr/datasets/liste-place-de-recharge/,1b1fd985-46ae-4322-a439-46d93f517241,liste publique places 12 06 2021.csv,2021-06-12T15:20:04.889000,e-nergyze,,1 - schema request,False,False,False,False,True,True
60c87cea8d6c2522821a1982,e-leclerc-drive-anglet,https://www.data.gouv.fr/fr/datasets/e-leclerc-drive-anglet/,4b1d61a3-d862-4f8d-b6ec-adf2ce3df50e,Monfichier IRVE Leclerc Drive Anglet,2021-06-15T12:11:55.264000,enerstock,,1 - schema request,False,False,False,False,True,True
605df739e1f8825c6f14cbee,electro-mobility-3,https://www.data.gouv.fr/fr/datasets/electro-mobility-3/,e7c7211a-097d-4654-aa63-8faea54e9620,etalab-schema-irve-spi-fermetures.csv,2021-03-26T16:23:47.044000,electro-mobility,,1 - schema request,False,False,False,False,False,False
60d1f1c726bcd1b3811eb3d6,la-ferme-de-la-motte,https://www.data.gouv.fr/fr/datasets/la-ferme-de-la-motte/,3714797b-1d86-4dee-ba5b-8047ec6eb210,LA FERME DE LA MOTTE,2021-06-22T16:20:56.225000,ma-borne-auto,,1 - schema request,False,False,False,False,True,True
60be2d4e21fabaa9962cba5a,garage-serva,https://www.data.gouv.fr/fr/datasets/garage-serva/,848607fe-dcad-4171-9dec-8164a8518c3c,garageserva-irve-stations.xlsx,2021-06-09T11:57:20.570000,,wrong-file-format,1 - schema request,False,False,False,False,False,False
608b2baeda588096b4778e25,reseau-de-bornes-de-recharge-mobilygreen,https://www.data.gouv.fr/fr/datasets/reseau-de-bornes-de-recharge-mobilygreen/,c8d32a3e-d3ec-490e-904f-e48c9aa3eaa1,mobilygreen-2021-05-17.csv,2021-05-28T16:57:26.409000,mobilygreen,,1 - schema request,False,False,False,False,False,False
608b2baeda588096b4778e25,reseau-de-bornes-de-recharge-mobilygreen,https://www.data.gouv.fr/fr/datasets/reseau-de-bornes-de-recharge-mobilygreen/,76fdb0c1-1d8c-4a43-a709-eb7eeb1d674e,mobilygreen_2021_04_29,2021-05-28T16:57:26.563000,mobilygreen,,1 - schema request,False,False,False,True,False,True
60a2682179374f5e0372a97b,electro-mobility-8,https://www.data.gouv.fr/fr/datasets/electro-mobility-8/,85d4e170-dd22-4592-bc0e-870e9ec9835b,etalab-schema-irve-domaine-lanzac.csv,2021-05-17T15:15:04.396000,electro-mobility,,1 - schema request,False,False,False,False,False,False
606579c88b20cc0e6f9a5c49,airria-1,https://www.data.gouv.fr/fr/datasets/airria-1/,a7171c9f-eb3b-4b96-9709-993522810144,airria-irve-stations.csv,2021-05-06T18:40:32.707000,zephyre,,1 - schema request,False,False,False,False,False,False
609982f98ad8fc58470a2b1d,borne-recharge-hotel-la-jabotte,https://www.data.gouv.fr/fr/datasets/borne-recharge-hotel-la-jabotte/,30e64828-6716-47d9-b6e6-5522eaa00d71,etalab-schema-irve-2021-05-10t18-35-31.014z.csv,2021-05-28T16:57:25.784000,abe-electricite,,1 - schema request,False,False,False,False,True,True
6098df8d35e92886bc009239,electro-mobility-7,https://www.data.gouv.fr/fr/datasets/electro-mobility-7/,a091124b-4c6a-4a72-8e00-908b00fb5ad9,etalab-schema-irve-modele-eep-marie-aux.csv,2021-05-10T11:21:21.767000,electro-mobility,,1 - schema request,False,False,False,False,False,False
60b7454abfde433e088eb196,bornes-de-recharge-aquit-et-packel-emballages,https://www.data.gouv.fr/fr/datasets/bornes-de-recharge-aquit-et-packel-emballages/,b3e3b0c7-6422-4ab6-acf8-d496b1577ed5,Aquit et Packel Emballages,2021-06-02T10:46:03.623000,kevin-martin-1,,1 - schema request,False,False,False,False,True,True
60b4b705dce7903a52c3426d,nex-hotel,https://www.data.gouv.fr/fr/datasets/nex-hotel/,32cca70a-96eb-4109-8098-f125de397ff1,nexhotel-irve-stations.csv,2021-05-31T12:14:40.480000,zephyre,,1 - schema request,False,False,False,False,False,False
60673bd708c080501a148993,pullman-toulouse,https://www.data.gouv.fr/fr/datasets/pullman-toulouse/,ac843faf-3be1-4d43-b69f-4e9f2caa8a66,pullmantoulouse-irve-stations.csv,2021-05-07T10:22:56.218000,zephyre,,1 - schema request,False,False,False,False,False,False
60a3944dcfd5c832b2b47bc4,borne-de-recharge-1,https://www.data.gouv.fr/fr/datasets/borne-de-recharge-1/,ec86b8c6-80f3-46b8-af7b-c329d2300567,Leclerc Express Labouheyre.csv,2021-05-28T16:57:47.576000,voltania,,1 - schema request,False,False,False,False,True,True
60a3944dcfd5c832b2b47bc4,borne-de-recharge-1,https://www.data.gouv.fr/fr/datasets/borne-de-recharge-1/,f965b78c-ed73-4ed8-a082-68cd94ceeaae,Leclerc Mimizan.csv,2021-05-28T16:57:47.750000,voltania,,1 - schema request,False,False,False,False,True,True
60a3944dcfd5c832b2b47bc4,borne-de-recharge-1,https://www.data.gouv.fr/fr/datasets/borne-de-recharge-1/,5b5d3450-bdef-4fe5-a6d2-970dd48a774e,BBJ.csv,2021-05-28T16:57:47.899000,voltania,,1 - schema request,False,False,False,False,True,True
60a7ae465b60e9424bb4a3a2,bornes-de-recharge-mobive-en-gironde,https://www.data.gouv.fr/fr/datasets/bornes-de-recharge-mobive-en-gironde/,1f8d4e60-8e93-43ba-8c90-7e984a1648d4,etalab-schema-irve-2021-05-21t13-31-51.713zv2.csv,2021-05-21T15:43:23.874000,syndicat-departemental-denergie-electrique-de-la-gironde,,1 - schema request,False,False,False,False,False,False
60a7ae465b60e9424bb4a3a2,bornes-de-recharge-mobive-en-gironde,https://www.data.gouv.fr/fr/datasets/bornes-de-recharge-mobive-en-gironde/,e81aaab7-c573-40f2-b1b3-7ed9c411ccc9,etalab_schema-irve_2021-05-21T13_31_51.713Z,2021-05-28T16:57:48.060000,syndicat-departemental-denergie-electrique-de-la-gironde,,1 - schema request,False,False,False,False,True,True
60bbbbaa8548bec5b094d6ae,borne-de-recharge-de-la-sas-lujasy,https://www.data.gouv.fr/fr/datasets/borne-de-recharge-de-la-sas-lujasy/,63a0ef8c-dc0c-4884-a5b7-d0a37e8012b3,SAS Lujasy.cvs,2021-06-05T20:35:21.836000,2ems,,1 - schema request,False,False,False,False,True,True
60ccbe268c32d25577e1c08a,electriox-groupe-irve-genay,https://www.data.gouv.fr/fr/datasets/electriox-groupe-irve-genay/,b3138ac5-8284-4cbb-9c0e-661b6aac0a48,Electriox Groupe IRVE Genay,2021-06-18T17:39:19.080000,paul-vurli,,1 - schema request,False,False,False,False,True,True
6061fdfa42bbad0fe1b4e01a,bornes-de-recharge-irve-du-reseau-virta,https://www.data.gouv.fr/fr/datasets/bornes-de-recharge-irve-du-reseau-virta/,196ee30d-fee3-4d1b-a6a9-33c7666d9088,IRVE_VIRTA_20210615.csv,2021-06-15T18:32:59.010000,cedric-moret,,1 - schema request,False,False,False,False,False,False
6061fdfa42bbad0fe1b4e01a,bornes-de-recharge-irve-du-reseau-virta,https://www.data.gouv.fr/fr/datasets/bornes-de-recharge-irve-du-reseau-virta/,9907f99b-9f76-4f8e-a0d7-30c71d29de71,irve-virta-20210615.csv,2021-06-15T18:16:09.885000,cedric-moret,,1 - schema request,False,False,False,False,False,False
6061fdfa42bbad0fe1b4e01a,bornes-de-recharge-irve-du-reseau-virta,https://www.data.gouv.fr/fr/datasets/bornes-de-recharge-irve-du-reseau-virta/,12343f0a-40b6-4aae-90a7-5233bcc902bd,irve-virta-20210615.csv,2021-06-15T18:15:21.271000,cedric-moret,,1 - schema request,False,False,False,False,False,False
6061fdfa42bbad0fe1b4e01a,bornes-de-recharge-irve-du-reseau-virta,https://www.data.gouv.fr/fr/datasets/bornes-de-recharge-irve-du-reseau-virta/,b6260fae-b136-489d-a8db-85f55bf4edca,irve-virta-20210430.csv,2021-04-30T18:27:41.408000,cedric-moret,,1 - schema request,False,False,False,False,False,False
6098df8d35e92886bc009239,electro-mobility-7,https://www.data.gouv.fr/fr/datasets/electro-mobility-7/,9d7c683f-fe5f-4432-890b-163499558415,etalab-schema-irve-solutys-technologies-copie.csv,2021-05-10T09:24:13.503000,electro-mobility,,1 - schema request,False,False,False,False,False,False
60a38cf5e8ca90718ef6bf36,electro-mobility-9,https://www.data.gouv.fr/fr/datasets/electro-mobility-9/,6dab1ebe-68f4-4014-9a30-0978489f7571,etalab-schema-irve-br3d.csv,2021-05-18T11:46:46.201000,electro-mobility,,1 - schema request,False,False,False,False,False,False
60d1b7c67b34dc99f7aac03f,satoriz-grenoble-rocde,https://www.data.gouv.fr/fr/datasets/satoriz-grenoble-rocde/,e8f06858-f37f-49c0-b183-acbd239f9e99,SATORIZ GRENOBLE ROCADE,2021-06-22T12:14:10.643000,lionel-gaillard,,1 - schema request,False,False,False,False,True,True
60c0c9f9e3e387d964e18c05,borne-de-charge-hotel-saint-walfrid,https://www.data.gouv.fr/fr/datasets/borne-de-charge-hotel-saint-walfrid/,53eef407-1f92-448d-84e1-8b2cbdaa81e4,datagouvhotelstwalfrid.csv,2021-06-09T16:02:33.939000,brach-nicolas,,1 - schema request,False,False,False,False,True,True
60cc862a82a9fa91e7ed287c,reseau-electric-55-charging,https://www.data.gouv.fr/fr/datasets/reseau-electric-55-charging/,e9f420ed-7b92-4cf2-9fed-d46a96fade6c,reseau-e55c-etalab-v2-e55c.csv,2021-06-18T14:19:50.199000,plus-de-bornes,,1 - schema request,False,False,False,False,True,True
60522a408904bda3a1519356,borne-de-recharge-irve-de-la-sas-la-serpauderie,https://www.data.gouv.fr/fr/datasets/borne-de-recharge-irve-de-la-sas-la-serpauderie/,df7d5a1d-9b90-4108-b28d-9fade0f80995,irve-structure-sas-serpauderie.csv,2021-05-28T16:57:46.908000,raiden-sas,,1 - schema request,False,False,False,False,False,False
6038ce0a14ce258b25c1fc73,borne-de-recharge-irve-du-logis-de-pierre-levee-a-bessines,https://www.data.gouv.fr/fr/datasets/borne-de-recharge-irve-du-logis-de-pierre-levee-a-bessines/,8b32bef4-cab9-4b91-a737-0dea26a5238d,irve-logis-pierre-levee.csv,2021-05-28T16:57:47.059000,raiden-sas,,1 - schema request,False,False,False,False,False,False
5fd093b73438a6a99bdf3606,liste-des-bornes-de-recharge-ouvertes-au-public,https://www.data.gouv.fr/fr/datasets/liste-des-bornes-de-recharge-ouvertes-au-public/,5f59d7ca-1b75-4974-bde5-fd9a3b42177d,irve-driveco-210303.csv,2021-05-28T16:57:25.266000,driveco,,1 - schema request,False,False,False,True,False,True
605d5cfc8b848f20174efc84,paris-recharge-points-de-recharge-pour-vehicules-electriques-donnees-statiques,https://www.data.gouv.fr/fr/datasets/paris-recharge-points-de-recharge-pour-vehicules-electriques-donnees-statiques/,98ff7f95-f34e-427b-8035-550dfc462c09,Export au format CSV,2021-06-03T08:29:22,mairie-de-paris,,1 - schema request,False,False,False,False,False,False
605d5cfc8b848f20174efc84,paris-recharge-points-de-recharge-pour-vehicules-electriques-donnees-statiques,https://www.data.gouv.fr/fr/datasets/paris-recharge-points-de-recharge-pour-vehicules-electriques-donnees-statiques/,e774a4cb-d956-44ee-a3ff-00f0d6492ee0,Export au format JSON,2021-06-03T08:29:22,,wrong-file-format,1 - schema request,False,False,False,False,False,False
605d5cfc8b848f20174efc84,paris-recharge-points-de-recharge-pour-vehicules-electriques-donnees-statiques,https://www.data.gouv.fr/fr/datasets/paris-recharge-points-de-recharge-pour-vehicules-electriques-donnees-statiques/,10801a05-11a2-4911-9696-53e4de3cccce,Export au format GeoJSON,2021-06-03T08:29:22,,wrong-file-format,1 - schema request,False,False,False,False,False,False
605d5cfc8b848f20174efc84,paris-recharge-points-de-recharge-pour-vehicules-electriques-donnees-statiques,https://www.data.gouv.fr/fr/datasets/paris-recharge-points-de-recharge-pour-vehicules-electriques-donnees-statiques/,0ad7b9c0-9aae-486a-9bcb-b01a38aead48,Export au format Shapefile,2021-06-03T08:29:22,,wrong-file-format,1 - schema request,False,False,False,False,False,False
605d5cfb8fcf8c57982817c3,belib-points-de-recharge-pour-vehicules-electriques-donnees-statiques,https://www.data.gouv.fr/fr/datasets/belib-points-de-recharge-pour-vehicules-electriques-donnees-statiques/,d7326edf-9943-4c41-803a-739008e08434,Export au format CSV,2021-06-29T02:00:18,mairie-de-paris,,1 - schema request,False,False,False,False,False,False
605d5cfb8fcf8c57982817c3,belib-points-de-recharge-pour-vehicules-electriques-donnees-statiques,https://www.data.gouv.fr/fr/datasets/belib-points-de-recharge-pour-vehicules-electriques-donnees-statiques/,44228006-4bbb-4cc4-b097-02dc6fcb0326,Export au format JSON,2021-06-29T02:00:18,,wrong-file-format,1 - schema request,False,False,False,False,False,False
605d5cfb8fcf8c57982817c3,belib-points-de-recharge-pour-vehicules-electriques-donnees-statiques,https://www.data.gouv.fr/fr/datasets/belib-points-de-recharge-pour-vehicules-electriques-donnees-statiques/,31137be7-f467-4a5c-97d3-dd56a31322e6,Export au format GeoJSON,2021-06-29T02:00:18,,wrong-file-format,1 - schema request,False,False,False,False,False,False
605d5cfb8fcf8c57982817c3,belib-points-de-recharge-pour-vehicules-electriques-donnees-statiques,https://www.data.gouv.fr/fr/datasets/belib-points-de-recharge-pour-vehicules-electriques-donnees-statiques/,0b068edf-405a-40b2-9daa-d5e17eb7a12a,Export au format Shapefile,2021-06-29T02:00:18,,wrong-file-format,1 - schema request,False,False,False,False,False,False
5fcf3c693578d5c57182fdc7,infrastructures-de-recharge-en-itinerance-publique,https://www.data.gouv.fr/fr/datasets/infrastructures-de-recharge-en-itinerance-publique/,94db1f41-9c5a-4de1-85cf-bd037492ccb3,irve-structure-bornes-solutions-20210520.csv,2021-05-20T18:58:10.888000,bornes-solutions,,1 - schema request,False,False,False,False,False,False
5fcf3c693578d5c57182fdc7,infrastructures-de-recharge-en-itinerance-publique,https://www.data.gouv.fr/fr/datasets/infrastructures-de-recharge-en-itinerance-publique/,e6107e71-deae-4860-8cff-f9e60b46aa7f,irve-structure-bornes-solutions-20201207.csv,2020-12-08T10:31:40.378000,bornes-solutions,,1 - schema request,True,True,True,True,False,True
60c86b290c318a86b7bc1bd9,e-leclerc-marmande,https://www.data.gouv.fr/fr/datasets/e-leclerc-marmande/,c58161ae-5d35-4968-8be2-0e791f45426e,Fichier IRVE Borne Leclerc Marmande,2021-06-15T10:56:09.921000,enerstock,,1 - schema request,False,False,False,False,True,True
60d47ce9b5be8f32bef78fcc,garage-zawieja,https://www.data.gouv.fr/fr/datasets/garage-zawieja/,ccf6321f-dc7c-47dd-b55e-2fa5d9bef6c3,GARAGE ZAWIEJA,2021-06-24T14:39:05.937000,ma-borne-auto,,1 - schema request,False,False,False,False,True,True
60702123f6ba4585374f65ae,borne-recharge-novotel-bourges,https://www.data.gouv.fr/fr/datasets/borne-recharge-novotel-bourges/,59fc69d9-25df-43fc-adb4-8de966640478,novotel-data.gouv.csv,2021-05-28T16:57:26.716000,enerstock,,1 - schema request,False,False,False,False,False,False
6094f54780dd3db9c437157d,garage-mecasud,https://www.data.gouv.fr/fr/datasets/garage-mecasud/,a81bc7b2-789e-4371-9ad7-5597479d0175,garagemecasud-irve-stations.xlsx,2021-05-10T11:36:11.440000,,wrong-file-format,1 - schema request,False,False,False,False,False,False
60d1f79bd066e6d22e53a911,etancheite-particuliers-et-industries,https://www.data.gouv.fr/fr/datasets/etancheite-particuliers-et-industries/,92731582-cb1b-4035-8509-0ad41d872e9e,ETANCHEITE PARTICULIERS ET INDUSTRIES,2021-06-22T16:45:48.034000,ma-borne-auto,,1 - schema request,False,False,False,False,True,True
60701e0f9c08ccc271da05bc,borne-recharge-hotel-ibis-styles-bourges,https://www.data.gouv.fr/fr/datasets/borne-recharge-hotel-ibis-styles-bourges/,c0196b59-8fa5-457f-bc53-f31d69bcbfdd,hotel-ibis-styles-data.gouv.csv,2021-05-28T16:57:26.112000,enerstock,,1 - schema request,False,False,False,False,False,False
60701c75487f35a90ebe574a,borne-recharge-hotel-mercure-bourges,https://www.data.gouv.fr/fr/datasets/borne-recharge-hotel-mercure-bourges/,be41d6d9-7da7-4de5-a86f-77f0ffbfd078,hotel-mercure-data.gouv.csv,2021-05-28T16:57:25.940000,enerstock,,1 - schema request,False,False,False,False,False,False
600ae6cc4095e0da6953cdbd,infrastructures-de-recharge-pour-vehicules-electriques-sigeif,https://www.data.gouv.fr/fr/datasets/infrastructures-de-recharge-pour-vehicules-electriques-sigeif/,96874829-54c3-4d16-b2f3-5302e4eed962,irve-sigeif-20210122.csv,2021-05-28T16:57:26.237000,izivia,,1 - schema request,False,False,False,False,False,False
600ae6cc4095e0da6953cdbd,infrastructures-de-recharge-pour-vehicules-electriques-sigeif,https://www.data.gouv.fr/fr/datasets/infrastructures-de-recharge-pour-vehicules-electriques-sigeif/,d829befc-cc20-4650-9dc1-7cfa3d7f9981,irve-sigeif-20210618.csv,2021-06-18T17:21:27.984000,izivia,,1 - schema request,False,False,False,False,False,False
6061fdfa42bbad0fe1b4e01a,bornes-de-recharge-irve-du-reseau-virta,https://www.data.gouv.fr/fr/datasets/bornes-de-recharge-irve-du-reseau-virta/,08e51550-b380-4ec6-8362-eac7c4cfab8d,irve-virta-20210329.csv,2021-03-29T18:20:52.459000,cedric-moret,,1 - schema request,False,False,False,False,False,False
605096f2503c6e111271e7d8,bornes-de-recharge-irve-dans-le-departement-dille-et-vilaine,https://www.data.gouv.fr/fr/datasets/bornes-de-recharge-irve-dans-le-departement-dille-et-vilaine/,b983b628-83c7-48ac-8f16-c8131ab1fc93,irve-sde35-20200930.csv,2021-03-16T12:32:45.435000,syndicat-departemental-denergie-dille-et-vilaine,,1 - schema request,True,True,True,True,False,True
60770ea7cf621e339904bd22,borne-de-recharge-de-la-sas-sabo,https://www.data.gouv.fr/fr/datasets/borne-de-recharge-de-la-sas-sabo/,89b0280c-0f35-4003-82e1-da53e5a07a21,SAS-Sabo.CVS,2021-05-28T16:57:48.279000,2ems,,1 - schema request,False,False,False,False,True,True
609bfea3a8b57517a6b73f39,bornes-de-recharge-pour-ve-du-reseau-power-dot-france-1,https://www.data.gouv.fr/fr/datasets/bornes-de-recharge-pour-ve-du-reseau-power-dot-france-1/,d9bf5afb-20c6-4f82-9662-ab8c7c913460,irve-power-dot-france-20210512.csv,2021-05-28T16:57:27.022000,power-dot-france,,1 - schema request,False,False,False,False,False,False
60758c5f7cf40f41e196bec8,sertitude-1,https://www.data.gouv.fr/fr/datasets/sertitude-1/,20418e5c-7ae3-477d-8d25-1e6efd368ba5,SERTITUDE,2021-06-22T15:46:29.986000,ma-borne-auto,,1 - schema request,False,False,False,False,True,True
6082de6e612ead86ac77c0ef,station-versailles-evbox,https://www.data.gouv.fr/fr/datasets/station-versailles-evbox/,dc169a54-d977-4ff2-a90e-6a581c43745d,fichierdata.gouvirve-portevertevirgule.csv,2021-05-28T16:57:26.881000,hagenum,,1 - schema request,True,True,True,True,False,True
60ad2fcd47bc3dd2aabcc5ac,irve-tente,https://www.data.gouv.fr/fr/datasets/irve-tente/,c326d570-5564-438e-b386-54a7f6ee5c73,irve-tente-20210525.csv,2021-06-07T21:21:43.098000,tente-sas,,1 - schema request,False,False,False,False,False,False
60c0d9dd5a35303cf52cc97c,garage-du-centre,https://www.data.gouv.fr/fr/datasets/garage-du-centre/,325c7bb3-3e24-4e09-b48f-58bb08940499,garageducentre-irve-station.xlsx,2021-06-09T17:10:34.316000,,wrong-file-format,1 - schema request,False,False,False,False,False,False
6037c6984ef92fe94d8dc33c,fichier-irve-enerstock,https://www.data.gouv.fr/fr/datasets/fichier-irve-enerstock/,a2e7aedf-e35d-4316-a1dc-cfd2c4ff8553,fichier-irve-enerstock.csv,2021-06-29T14:53:58.902000,enerstock,,1 - schema request,False,False,False,False,False,False
60673aefdb0bf77ded1c4478,mercure-annemasse,https://www.data.gouv.fr/fr/datasets/mercure-annemasse/,79b460c3-0b73-4f0a-8f00-57fc5d40e06a,mercureannemasse-irve-stations.csv,2021-05-05T17:16:45.139000,zephyre,,1 - schema request,False,False,False,False,False,False
6070209f7adedfb467ae893b,borne-recharge-hotel-ibis-prado-bourges,https://www.data.gouv.fr/fr/datasets/borne-recharge-hotel-ibis-prado-bourges/,53e4f3e0-06e4-41e6-bc08-0dc51c2f3aad,hotel-ibis-prado-data.gouv.csv,2021-05-28T16:57:27.327000,enerstock,,1 - schema request,False,False,False,False,False,False
6094f5c064b71217c81a7ecf,garage-saint-aubin,https://www.data.gouv.fr/fr/datasets/garage-saint-aubin/,2eb7e110-1c8b-4a0c-8a20-563f56dedd67,garagesaintaubin-irve-stations.xlsx,2021-05-07T10:09:46.832000,,wrong-file-format,1 - schema request,False,False,False,False,False,False
5b597823c751df57045198a4,stations-de-recharge-ionity,https://www.data.gouv.fr/fr/datasets/stations-de-recharge-ionity/,696b4a10-6181-4dcc-b096-c0c824362091,irve-ionity-20210430-datagouv.csv,2021-04-30T16:41:37.100000,ionity-gmbh,,1 - schema request,False,False,False,False,False,False
5b597823c751df57045198a4,stations-de-recharge-ionity,https://www.data.gouv.fr/fr/datasets/stations-de-recharge-ionity/,125a6bdc-4bd0-44de-a6d7-b4e2cfc5f76d,irve-ionity-20210430-datagouv.xlsx,2021-04-30T16:42:45.209000,,wrong-file-format,1 - schema request,False,False,False,False,False,False
59e46600c751df083eb3b001,infrastructures-de-recharge-pour-vehicules-electriques-reveo-1,https://www.data.gouv.fr/fr/datasets/infrastructures-de-recharge-pour-vehicules-electriques-reveo-1/,8d5e8e1a-e46a-4118-b7a2-da99593f8edf,irve-reveo-20210409.csv,2021-05-28T16:57:36.548000,alexandre-court-2,,1 - schema request,False,False,False,False,False,False
5b0e65a5c751df0a66fceb21,borne-de-recharge,https://www.data.gouv.fr/fr/datasets/borne-de-recharge/,fc85a64c-8097-41c8-ab82-e91df3b3a3c9,data-vague-2.csv,2021-05-28T16:57:36.689000,syndicat-mixte-orge-yvette-sur-seine,,1 - schema request,False,False,False,False,False,False
5b0e65a5c751df0a66fceb21,borne-de-recharge,https://www.data.gouv.fr/fr/datasets/borne-de-recharge/,a451797d-dac5-4d1c-9de1-a56c56a75073,DATA Vague 1,2018-05-30T12:10:56.770000,,wrong-file-format,1 - schema request,False,False,False,False,False,False
5c7d1efe634f415b62c6e827,irve-territoire-denergie-90-territoire-de-belfort,https://www.data.gouv.fr/fr/datasets/irve-territoire-denergie-90-territoire-de-belfort/,5585604e-0ee9-406b-9998-2b7e7a57f291,irve-te90-20200302.csv,2021-05-28T16:57:36.867000,guillaume-faltot,,1 - schema request,False,False,False,False,False,False
5f041911c456250917e7ff76,infrastructures-de-recharge-pour-vehicules-electriques-reseau-mobive,https://www.data.gouv.fr/fr/datasets/infrastructures-de-recharge-pour-vehicules-electriques-reseau-mobive/,7216f0e3-c362-4c7b-9619-517e8797b1bf,mobive-20210315.csv,2021-03-15T08:34:38.100000,izivia,,1 - schema request,False,False,False,False,False,False
5f041911c456250917e7ff76,infrastructures-de-recharge-pour-vehicules-electriques-reseau-mobive,https://www.data.gouv.fr/fr/datasets/infrastructures-de-recharge-pour-vehicules-electriques-reseau-mobive/,784df802-601b-491e-a7c5-cf68d7e61b5d,mobive-20200707.csv,2020-07-07T08:41:51.258000,izivia,,1 - schema request,False,False,False,False,False,False
60c0d5d3572f720689510013,electro-mob-9,https://www.data.gouv.fr/fr/datasets/electro-mob-9/,fc0ab220-d973-461e-a861-f62ff884bd5a,etalab-schema-irve-modele-technomat.csv.csv,2021-06-09T16:53:38.486000,electro-mobility,,1 - schema request,False,False,False,False,False,False
60c0c7fae2cfc8e35a8c25ff,electro-mob-6,https://www.data.gouv.fr/fr/datasets/electro-mob-6/,ca662511-1ea0-4358-822d-b982fe7b2a4f,etalab-schema-irve-grand-connetable.csv,2021-06-09T15:55:48.415000,electro-mobility,,1 - schema request,False,False,False,False,False,False
6061e0d6b7d258c3237bd0fb,electro-mobility-4,https://www.data.gouv.fr/fr/datasets/electro-mobility-4/,1579c16c-5b23-46d9-880e-f228f97acc33,etalab-schema-irve-blueselfstockage93-.csv,2021-03-29T16:15:44.864000,electro-mobility,,1 - schema request,False,False,False,False,False,False
60a25db97473ac6fcc056a88,electro-mob-2,https://www.data.gouv.fr/fr/datasets/electro-mob-2/,e3004f2e-599a-4844-bf0c-ec1f0d7f5c7f,etalab-schema-irve-aclea.csv,2021-05-17T14:13:36.396000,electro-mobility,,1 - schema request,False,False,False,False,False,False
60a3cf19130cf60998fcfc0f,electro-mob-3,https://www.data.gouv.fr/fr/datasets/electro-mob-3/,2420e873-88ee-45d0-8aa1-5e4927ae2991,etalab-schema-irve-emendo-2128.csv,2021-05-18T16:29:07.499000,electro-mobility,,1 - schema request,False,False,False,False,False,False
60a61c2e25f9845bfebe51c5,electro-mob-4,https://www.data.gouv.fr/fr/datasets/electro-mob-4/,f440a31d-25c6-4330-94a0-42911d64f8f4,etalab-schema-irve-l.e.t.t..csv,2021-05-20T10:22:21.031000,electro-mobility,,1 - schema request,False,False,False,False,False,False
60a7ab95398b1226c3c9584f,electro-mob-5,https://www.data.gouv.fr/fr/datasets/electro-mob-5/,eef7d72d-317b-4258-aeca-aa1e02117886,etalab-schema-irve-residence-du-chateau-de-salles.csv,2021-05-21T14:46:25.927000,electro-mobility,,1 - schema request,False,False,False,False,False,False
5ae9d7aac751df5738c39823,infrastructures-de-recharge-pour-vehicules-electriques-irve,https://www.data.gouv.fr/fr/datasets/infrastructures-de-recharge-pour-vehicules-electriques-irve/,90879e7b-b907-40c7-8699-43c0a962d2fe,irve-wiiizcasa-20210217.csv,2021-05-28T16:57:37.053000,communaute-dagglomeration-sophia-antipolis,,1 - schema request,False,False,False,False,False,False
5ae9d7aac751df5738c39823,infrastructures-de-recharge-pour-vehicules-electriques-irve,https://www.data.gouv.fr/fr/datasets/infrastructures-de-recharge-pour-vehicules-electriques-irve/,2c7a66be-348f-4e67-96c2-7216e6f4bc71,irve-wiiizcasa-20200519.csv,2021-05-28T16:57:37.217000,communaute-dagglomeration-sophia-antipolis,,1 - schema request,False,False,False,False,False,False
5b5c3f39b595083b56d496c9,localisation-des-points-de-recharge-pour-vehicules-electriques,https://www.data.gouv.fr/fr/datasets/localisation-des-points-de-recharge-pour-vehicules-electriques/,55f9e189-5056-4997-877e-4c457da2922d,Export au format GeoJSON,2018-07-27T07:18:25,,wrong-file-format,1 - schema request,False,False,False,False,False,False
5b5c3f39b595083b56d496c9,localisation-des-points-de-recharge-pour-vehicules-electriques,https://www.data.gouv.fr/fr/datasets/localisation-des-points-de-recharge-pour-vehicules-electriques/,548b30f1-2c2c-458a-b514-48350a70c697,Export au format JSON,2018-07-27T07:18:25,,wrong-file-format,1 - schema request,False,False,False,False,False,False
5b5c3f39b595083b56d496c9,localisation-des-points-de-recharge-pour-vehicules-electriques,https://www.data.gouv.fr/fr/datasets/localisation-des-points-de-recharge-pour-vehicules-electriques/,a05390b1-0e05-463f-9b73-45cab31f2d44,Export au format CSV,2018-07-27T07:18:25,metropole-europeenne-de-lille,,1 - schema request,False,False,False,False,False,False
5b5c3f39b595083b56d496c9,localisation-des-points-de-recharge-pour-vehicules-electriques,https://www.data.gouv.fr/fr/datasets/localisation-des-points-de-recharge-pour-vehicules-electriques/,acb9e6e8-c458-4115-9b62-073129ea48c9,irve-mel-20190227.csv,2021-05-28T16:57:37.318000,metropole-europeenne-de-lille,,1 - schema request,False,False,False,False,False,False
58d13b9d88ee3801a925912d,infrastructure-de-recharge-pour-vehicules-electriques-et-hybrides-rechargeables-du-syndicat-intercommunal-denergie-dindre-et-loire-1,https://www.data.gouv.fr/fr/datasets/infrastructure-de-recharge-pour-vehicules-electriques-et-hybrides-rechargeables-du-syndicat-intercommunal-denergie-dindre-et-loire-1/,4c59b703-eef1-459f-a4d0-1d34b980c6fa,IRVE_SIEIL37_20170321.xlsx,2017-03-21T15:44:11.246000,,wrong-file-format,1 - schema request,False,False,False,False,False,False
58d13b9d88ee3801a925912d,infrastructure-de-recharge-pour-vehicules-electriques-et-hybrides-rechargeables-du-syndicat-intercommunal-denergie-dindre-et-loire-1,https://www.data.gouv.fr/fr/datasets/infrastructure-de-recharge-pour-vehicules-electriques-et-hybrides-rechargeables-du-syndicat-intercommunal-denergie-dindre-et-loire-1/,98dca738-7d14-452d-b134-a3e42c70edc9,IRVE_SIEIL37_20170321.csv,2017-03-21T15:44:50.543000,syndicat-intercommunal-denergie-dindre-et-loire-1,,1 - schema request,False,False,False,False,False,False
5a0ea7ef88ee385a32bf6539,bornes-de-recharge-de-la-communaute-dagglomeration-du-boulonnais,https://www.data.gouv.fr/fr/datasets/bornes-de-recharge-de-la-communaute-dagglomeration-du-boulonnais/,1bf801fa-43c0-448e-949a-0a91ac15d11c,gps-irve.csv,2021-05-28T16:57:36.401000,communaute-dagglomeration-du-boulonnais,,1 - schema request,False,False,False,False,False,False
58d13b9d88ee3801a925912d,infrastructure-de-recharge-pour-vehicules-electriques-et-hybrides-rechargeables-du-syndicat-intercommunal-denergie-dindre-et-loire-1,https://www.data.gouv.fr/fr/datasets/infrastructure-de-recharge-pour-vehicules-electriques-et-hybrides-rechargeables-du-syndicat-intercommunal-denergie-dindre-et-loire-1/,ad6eea4a-9ceb-4c9d-8b25-e9cea40c49f0,irve-sieil37-20190219.csv,2021-05-28T16:57:37.638000,syndicat-intercommunal-denergie-dindre-et-loire-1,,1 - schema request,False,False,False,False,False,False
5cac5d5706e3e7736662e16b,localisation-des-infrastructures-de-recharge-pour-vehicules-electriques-irve-sur-la-commune-danglet,https://www.data.gouv.fr/fr/datasets/localisation-des-infrastructures-de-recharge-pour-vehicules-electriques-irve-sur-la-commune-danglet/,745564d3-8e34-41a6-b632-d0f70128f6d2,Export au format GeoJSON,2020-11-23T13:45:51,,wrong-file-format,1 - schema request,False,False,False,False,False,False
5cac5d5706e3e7736662e16b,localisation-des-infrastructures-de-recharge-pour-vehicules-electriques-irve-sur-la-commune-danglet,https://www.data.gouv.fr/fr/datasets/localisation-des-infrastructures-de-recharge-pour-vehicules-electriques-irve-sur-la-commune-danglet/,a5ed1089-d4fd-4d33-bbfb-d9168420bc9c,Export au format JSON,2020-11-23T13:45:51,,wrong-file-format,1 - schema request,False,False,False,False,False,False
5cac5d5706e3e7736662e16b,localisation-des-infrastructures-de-recharge-pour-vehicules-electriques-irve-sur-la-commune-danglet,https://www.data.gouv.fr/fr/datasets/localisation-des-infrastructures-de-recharge-pour-vehicules-electriques-irve-sur-la-commune-danglet/,198eaabe-5f9c-4f91-998a-b3c3cb615e52,Export au format CSV,2020-11-23T13:45:51,mairie-danglet,,1 - schema request,False,False,False,False,False,False
60a24649240bc81a191a3568,electro-mob-1,https://www.data.gouv.fr/fr/datasets/electro-mob-1/,f267e0f2-cd70-41c3-80cd-8f3bf1d8c881,etalab-schema-irve-gds-materieaux.csv,2021-05-17T12:33:22.260000,electro-mobility,,1 - schema request,False,False,False,False,False,False
5ae9d7aac751df5738c39823,infrastructures-de-recharge-pour-vehicules-electriques-irve,https://www.data.gouv.fr/fr/datasets/infrastructures-de-recharge-pour-vehicules-electriques-irve/,dbb8abf1-c308-4553-b63b-faaaacbb2ef3,arrete-irve-joe-20170113-0011-0013.pdf,2018-10-15T14:29:31.011000,,wrong-file-format,1 - schema request,False,False,False,False,False,False
5ae9d7aac751df5738c39823,infrastructures-de-recharge-pour-vehicules-electriques-irve,https://www.data.gouv.fr/fr/datasets/infrastructures-de-recharge-pour-vehicules-electriques-irve/,237aa852-c252-415e-b358-f8649c980dd8,irve-wiiizcasa-20181005.csv,2020-05-26T17:07:02.265000,communaute-dagglomeration-sophia-antipolis,,1 - schema request,False,False,False,False,False,False
5cac5d5706e3e7736662e16b,localisation-des-infrastructures-de-recharge-pour-vehicules-electriques-irve-sur-la-commune-danglet,https://www.data.gouv.fr/fr/datasets/localisation-des-infrastructures-de-recharge-pour-vehicules-electriques-irve-sur-la-commune-danglet/,1c45a105-dbfd-49f1-8cd5-e4452c8eaf3b,Export au format Shapefile,2020-11-23T13:45:51,,wrong-file-format,1 - schema request,False,False,False,False,False,False
542a78a488ee382b8d22e2dd,infrastructures-de-recharge-pour-vehicules-electriques,https://www.data.gouv.fr/fr/datasets/infrastructures-de-recharge-pour-vehicules-electriques/,1840fe3c-1f3b-458d-80e5-7a76e306210e,irve-cnr-202101.csv,2021-01-25T08:18:03.477000,cnr,,1 - schema request,False,False,False,False,False,False
5c6ac9ef8b4c417972773bb4,bornes-de-recharge-electrique-parking-mairie-1,https://www.data.gouv.fr/fr/datasets/bornes-de-recharge-electrique-parking-mairie-1/,69312c82-94f9-4d81-9a32-8fc50deff010,irve-structure.csv,2021-05-28T16:57:36.253000,commune-deguisheim,,1 - schema request,False,False,False,False,False,False
54231d4a88ee38334b5b9e1d,fichier-exemple-stations-de-recharge-de-vehicules-electriques,https://www.data.gouv.fr/fr/datasets/fichier-exemple-stations-de-recharge-de-vehicules-electriques/,099eb6ff-bcf4-42be-bda7-61dfe1ca4c9f,exemple-valide.csv,2021-05-28T16:57:35.909000,etalab,,1 - schema request,False,False,False,False,True,True
608696019fc020b37aebc419,electro-mob,https://www.data.gouv.fr/fr/datasets/electro-mob/,14d0124b-3975-4a25-8ae1-3b878b502f47,etalab-schema-irve-aures-technologies.csv,2021-04-26T12:29:45.492000,electro-mobility,,1 - schema request,False,False,False,False,False,False
60d35e7343f04bca116961e2,mes-bornes,https://www.data.gouv.fr/fr/datasets/mes-bornes/,cec8c3fd-c5ac-4fa6-8912-dbd869583a21,AVOMARKS,2021-06-23T18:22:28.086000,jean-vincent-saulnier,,1 - schema request,False,False,False,False,True,True
60701b12a5ca6f2bad732d3e,borne-recharge-hotel-de-la-gare-bourges,https://www.data.gouv.fr/fr/datasets/borne-recharge-hotel-de-la-gare-bourges/,957b6ddc-681e-477d-8e9a-779d731ccd6b,hotel-gare-data.gouv.csv,2021-05-28T16:57:27.183000,enerstock,,1 - schema request,False,False,False,False,False,False
60be2dc3b4a84a19b9131862,garage-du-palais,https://www.data.gouv.fr/fr/datasets/garage-du-palais/,02c2dae6-8b6b-420f-8ecf-1fc99527a1b5,garagedupalais-irve-station.xlsx,2021-06-07T16:31:40.269000,,wrong-file-format,1 - schema request,False,False,False,False,False,False
601d660f2be2c8896f86e18d,bornes-irve-metropole-rouen-normandie,https://www.data.gouv.fr/fr/datasets/bornes-irve-metropole-rouen-normandie/,fb43da22-1351-4847-82b8-e5349ac43c3b,Bornes IRVE Métropole Rouen Normandie,2021-02-05T16:40:37.732000,,wrong-file-format,1 - schema request,False,False,False,False,False,False
54637a75c751df446989ec20,stations-supercharger-tesla,https://www.data.gouv.fr/fr/datasets/stations-supercharger-tesla/,2e99ea46-eee8-4dfb-8f2b-98f2032704da,irve-tesla-supercharger-20210318.csv,2021-05-28T16:57:27.559000,tesla-motors,,1 - schema request,False,False,False,False,False,False
54637a75c751df446989ec20,stations-supercharger-tesla,https://www.data.gouv.fr/fr/datasets/stations-supercharger-tesla/,d1651707-d3ed-4206-94e3-43c13610abb1,irve-tesla-supercharger-20210318.xlsx,2021-03-18T13:04:05.073000,,wrong-file-format,1 - schema request,False,False,False,False,False,False
5448d3e0c751df01f85d0572,fichier-consolide-des-bornes-de-recharge-pour-vehicules-electriques,https://www.data.gouv.fr/fr/datasets/fichier-consolide-des-bornes-de-recharge-pour-vehicules-electriques/,8d9398ae-3037-48b2-be19-412c24561fbb,Dernière version consolidée (v2.0.0 du schéma) - 20210605,2021-06-05T08:54:41.165000,etalab,,1 - schema request,False,False,False,False,True,True
5448d3e0c751df01f85d0572,fichier-consolide-des-bornes-de-recharge-pour-vehicules-electriques,https://www.data.gouv.fr/fr/datasets/fichier-consolide-des-bornes-de-recharge-pour-vehicules-electriques/,50625621-18bd-43cb-8fde-6b8c24bdabb3,Fichier consolidé en juin 2021 (version 1 du schéma),2021-06-24T09:32:52.552000,etalab,,1 - schema request,False,False,False,False,False,False
5448d3e0c751df01f85d0572,fichier-consolide-des-bornes-de-recharge-pour-vehicules-electriques,https://www.data.gouv.fr/fr/datasets/fichier-consolide-des-bornes-de-recharge-pour-vehicules-electriques/,41b0514d-956d-4e42-80ef-1dcf88cc74e9,logs général - consolidation v2.0.0 - 20210605,2021-06-05T08:54:40.546000,etalab,,1 - schema request,False,False,False,False,False,False
5448d3e0c751df01f85d0572,fichier-consolide-des-bornes-de-recharge-pour-vehicules-electriques,https://www.data.gouv.fr/fr/datasets/fichier-consolide-des-bornes-de-recharge-pour-vehicules-electriques/,534c1a69-5396-4b25-ad4c-0b935416207f,logs dédoublonnage - consolidation v2.0.0 - 20210605,2021-06-05T08:54:40.815000,etalab,,1 - schema request,False,False,False,False,False,False
57f376bc88ee383b445ff490,recharge-a-destination-tesla,https://www.data.gouv.fr/fr/datasets/recharge-a-destination-tesla/,211f32db-0183-41a9-9d6d-1935f4382608,Etablissements partenaires Recharge à Destination Tesla,2021-05-28T16:57:34.377000,tesla-motors,,1 - schema request,False,False,False,False,False,False
57f376bc88ee383b445ff490,recharge-a-destination-tesla,https://www.data.gouv.fr/fr/datasets/recharge-a-destination-tesla/,b15021d6-221a-4c48-8b9b-f1c43b8f6739,Etablissements partenaires Recharge à Destination Tesla,2018-11-30T20:16:42.425000,,wrong-file-format,1 - schema request,False,False,False,False,False,False
5f6dfa74d826d5df020a637d,infrastructures-de-recharge-pour-vehicules-electriques-metz-metropole,https://www.data.gouv.fr/fr/datasets/infrastructures-de-recharge-pour-vehicules-electriques-metz-metropole/,3cebc6f8-8452-4a3b-bc49-89e3982f18c0,Infrastructures de recharge pour véhicules électriques - Metz Métropole,2021-05-28T16:57:34.492000,metz-metropole,,1 - schema request,False,False,False,False,False,False
587bebf788ee38045ea6f717,fichiers-pour-les-infrastructures-de-recharge-de-vehicules-electriques-archives,https://www.data.gouv.fr/fr/datasets/fichiers-pour-les-infrastructures-de-recharge-de-vehicules-electriques-archives/,35156b0a-b4fa-4a1b-8d63-fcc1f5d07ca2,Fichier IRVE conforme [à renseigner] ,2021-05-28T16:57:34.740000,association-des-utilisateurs-de-bornes-electriques,,1 - schema request,True,True,True,True,False,True
587bebf788ee38045ea6f717,fichiers-pour-les-infrastructures-de-recharge-de-vehicules-electriques-archives,https://www.data.gouv.fr/fr/datasets/fichiers-pour-les-infrastructures-de-recharge-de-vehicules-electriques-archives/,05b8dc9b-b678-45c6-b032-db836ad47ce1,Modèle IRVE pour publication de données sur les stations de recharges,2018-01-29T15:24:32.305000,,wrong-file-format,1 - schema request,False,False,False,False,False,False
587bebf788ee38045ea6f717,fichiers-pour-les-infrastructures-de-recharge-de-vehicules-electriques-archives,https://www.data.gouv.fr/fr/datasets/fichiers-pour-les-infrastructures-de-recharge-de-vehicules-electriques-archives/,8dafae48-9520-40d3-8a51-be33c71de0da,"Format des identifiants stations et points de recharge, unités d'exploitation et contrats de mobilité",2017-02-14T17:22:31.668000,,wrong-file-format,1 - schema request,False,False,False,False,False,False
54231d4a88ee38334b5b9e1d,fichier-exemple-stations-de-recharge-de-vehicules-electriques,https://www.data.gouv.fr/fr/datasets/fichier-exemple-stations-de-recharge-de-vehicules-electriques/,a92f16ab-e2a8-4202-a566-cb48c6ea4766,Schéma de validation d'un fichier CSV IRVE,2019-10-08T10:45:32.964000,,wrong-file-format,1 - schema request,False,False,False,False,False,False
5fb453118f4af26f7a8a9348,bornes-de-recharges-irve-operee-par-virta-en-france,https://www.data.gouv.fr/fr/datasets/bornes-de-recharges-irve-operee-par-virta-en-france/,fb415ac1-7e0f-4354-9f12-795e287acf7a,irve-virta-20201117.csv,2021-05-28T16:57:35.758000,,orphan-dataset,1 - schema request,False,False,False,False,False,False
5fda1f330914c0e09e8f0e37,bornes-de-recharge-irve-chateau-de-la-bucherie,https://www.data.gouv.fr/fr/datasets/bornes-de-recharge-irve-chateau-de-la-bucherie/,8b4bcf72-cd91-4034-9200-72a5e0c9a003,irve-chateaulabucherie-20201216.csv,2021-01-11T18:03:33.138000,chateau-la-bucherie,,1 - schema request,False,False,False,True,False,True
604b55a9bdf702629b1a41b2,infrastructures-de-recharge-pour-vehicules-electriques-sde22,https://www.data.gouv.fr/fr/datasets/infrastructures-de-recharge-pour-vehicules-electriques-sde22/,693180d9-05c1-44b1-a29d-9e831e1fdbb5,irve-sde22-20210312.csv,2021-05-28T16:57:35.615000,izivia,,1 - schema request,False,False,False,False,False,False
604b55a9bdf702629b1a41b2,infrastructures-de-recharge-pour-vehicules-electriques-sde22,https://www.data.gouv.fr/fr/datasets/infrastructures-de-recharge-pour-vehicules-electriques-sde22/,8ade34ff-cadb-4ea8-b59b-33ce7c1543c6,irve-sde22-20210426.csv,2021-05-28T16:57:35.474000,izivia,,1 - schema request,False,False,False,False,False,False
604b55a9bdf702629b1a41b2,infrastructures-de-recharge-pour-vehicules-electriques-sde22,https://www.data.gouv.fr/fr/datasets/infrastructures-de-recharge-pour-vehicules-electriques-sde22/,6ee4bf7a-ba41-4025-93f1-738ef6e962f5,irve-sde22-20210511.csv,2021-05-28T16:57:35.364000,izivia,,1 - schema request,False,False,False,False,False,False
5b45b48a88ee387e40bca90f,e-charge50,https://www.data.gouv.fr/fr/datasets/e-charge50/,a22f7243-998a-4e8d-8322-b428040a4223,irve-sdem50-20210526.csv,2021-05-28T16:57:36.114000,e-charge50,,1 - schema request,False,False,False,False,True,True
604b55a9bdf702629b1a41b2,infrastructures-de-recharge-pour-vehicules-electriques-sde22,https://www.data.gouv.fr/fr/datasets/infrastructures-de-recharge-pour-vehicules-electriques-sde22/,28f0b94e-3ba3-42fa-93a3-40aa2a1c8723,irve-sde22-20210527.csv,2021-05-27T14:27:34.804000,izivia,,1 - schema request,False,False,False,False,False,False
5fd3afa95776168bad7db8d0,irve-eborn-20201211,https://www.data.gouv.fr/fr/datasets/irve-eborn-20201211/,c1803514-9084-472f-a1d9-6340c103c474,irve-eborn-20210401.csv,2021-05-28T16:57:35.041000,spbr1,,1 - schema request,False,False,False,False,False,False
5af5a68ac751df3d2396f09e,infrastructures-de-recharge-pour-vehicules-electriques-alize-liberte,https://www.data.gouv.fr/fr/datasets/infrastructures-de-recharge-pour-vehicules-electriques-alize-liberte/,01a6ccdc-e5c1-480e-b7aa-6cd15bba8393,irve-alize-liberte-20210409.csv,2021-05-28T16:57:34.903000,alexandre-court-2,,1 - schema request,False,False,False,False,False,False
5f7e56ef7be098f51c7ce91e,bornes-de-recharge-pour-vehicule-electrique-sur-voirie,https://www.data.gouv.fr/fr/datasets/bornes-de-recharge-pour-vehicule-electrique-sur-voirie/,6957af5e-fcae-417b-ac90-5a4a9dcc2dca,Export au format Shapefile,2021-06-28T05:00:07,,wrong-file-format,1 - schema request,False,False,False,False,False,False
5f7e56ef7be098f51c7ce91e,bornes-de-recharge-pour-vehicule-electrique-sur-voirie,https://www.data.gouv.fr/fr/datasets/bornes-de-recharge-pour-vehicule-electrique-sur-voirie/,596a59c8-3f06-46bf-b395-9bd680d1c986,Export au format GeoJSON,2021-06-28T05:00:07,,wrong-file-format,1 - schema request,False,False,False,False,False,False
5f7e56ef7be098f51c7ce91e,bornes-de-recharge-pour-vehicule-electrique-sur-voirie,https://www.data.gouv.fr/fr/datasets/bornes-de-recharge-pour-vehicule-electrique-sur-voirie/,de399d53-0954-443f-a009-27c139868450,Export au format JSON,2021-06-28T05:00:07,,wrong-file-format,1 - schema request,False,False,False,False,False,False
5f7e56ef7be098f51c7ce91e,bornes-de-recharge-pour-vehicule-electrique-sur-voirie,https://www.data.gouv.fr/fr/datasets/bornes-de-recharge-pour-vehicule-electrique-sur-voirie/,7a4f71bf-1604-44c1-9490-5469760291cd,Export au format CSV,2021-06-28T05:00:07,grand-paris-seine-ouest,,1 - schema request,False,False,False,False,False,False
5fd3afa95776168bad7db8d0,irve-eborn-20201211,https://www.data.gouv.fr/fr/datasets/irve-eborn-20201211/,be922086-5d36-4d90-9f79-a5855da65671,irve-eborn-20210125.csv,2021-05-28T16:57:35.215000,spbr1,,1 - schema request,False,False,False,False,False,False
6051e73b824c82b3dc1a587b,electro-mobility,https://www.data.gouv.fr/fr/datasets/electro-mobility/,b54093fb-7f95-4ce2-8a62-4471538d8bfa,etalab-schema-irve-tambour.csv,2021-03-17T12:31:24.035000,eywaz-kilic,,1 - schema request,False,False,False,False,False,False
