dataset_id,dataset_slug,dataset_page,resource_id,resource_title,resource_last_modified,error_type,organization_or_owner,resource_found_by,is_valid_v_0.1.0,is_valid_v_0.2.0,is_valid_v_0.2.1,is_valid_v_1.0.0,is_valid_one_version,initial_schema_version,most_recent_valid_version,is_schema_version_to_update,is_schema_to_add,is_schema_to_drop
6063bc8068ff117af42817c3,le-reseau-cyclable-a-argenteuil-cartographie-interactive,https://www.data.gouv.fr/fr/datasets/le-reseau-cyclable-a-argenteuil-cartographie-interactive/,af43589b-a489-4605-bdca-e3f579649a00,ArcGIS Hub Dataset,2021-03-31T02:04:16.137000,wrong-file-format,,3 - search request,False,False,False,False,False,,,False,False,False
5a09a19188ee3828e67aaf8d,enjeux-surfaciques-pris-en-compte-dans-un-plan-de-prevention-des-risques-saone-amont,https://www.data.gouv.fr/fr/datasets/enjeux-surfaciques-pris-en-compte-dans-un-plan-de-prevention-des-risques-saone-amont/,bbaeb123-37e7-4856-a61a-5194e81b33a9,2015_01_22_CONDITIONS_MAD_UTI_DONNEES.pdf,2020-01-24T12:53:07.444000,wrong-file-format,,3 - search request,False,False,False,False,False,,,False,False,False
5a09a19188ee3828e67aaf8d,enjeux-surfaciques-pris-en-compte-dans-un-plan-de-prevention-des-risques-saone-amont,https://www.data.gouv.fr/fr/datasets/enjeux-surfaciques-pris-en-compte-dans-un-plan-de-prevention-des-risques-saone-amont/,93365682-163b-4e05-a018-2ae20a91d67f,n_enjeu_pprn_20120002_s_069 (export GeoJSON),2020-01-24T12:53:07.444000,wrong-file-format,,3 - search request,False,False,False,False,False,,,False,False,False
5a09a19188ee3828e67aaf8d,enjeux-surfaciques-pris-en-compte-dans-un-plan-de-prevention-des-risques-saone-amont,https://www.data.gouv.fr/fr/datasets/enjeux-surfaciques-pris-en-compte-dans-un-plan-de-prevention-des-risques-saone-amont/,0646b6f8-3c1c-4a16-b2aa-9997c689c85d,n_enjeu_pprn_20120002_s_069 (export SHP/WGS-84),2020-01-24T12:53:07.445000,wrong-file-format,,3 - search request,False,False,False,False,False,,,False,False,False
5a09a184c751df2045200379,enjeux-lineaires-ppr-garon-global-rhone,https://www.data.gouv.fr/fr/datasets/enjeux-lineaires-ppr-garon-global-rhone/,5497a3e7-bcc0-4cd8-b5d3-0eda23f5ef29,n_enjeu_pprn_20130001_l_069.tab (archive),2020-01-24T12:53:08.314000,wrong-file-format,,3 - search request,False,False,False,False,False,,,False,False,False
5a09a184c751df2045200379,enjeux-lineaires-ppr-garon-global-rhone,https://www.data.gouv.fr/fr/datasets/enjeux-lineaires-ppr-garon-global-rhone/,e2e75339-0e18-493b-9879-0a3e296635a7,n_enjeu_pprn_20130001_l_069.tab (export GeoJSON),2020-01-24T12:53:08.315000,wrong-file-format,,3 - search request,False,False,False,False,False,,,False,False,False
5a09a184c751df2045200379,enjeux-lineaires-ppr-garon-global-rhone,https://www.data.gouv.fr/fr/datasets/enjeux-lineaires-ppr-garon-global-rhone/,8b09d52d-c080-4b66-94ce-82181c11e91e,n_enjeu_pprn_20130001_l_069.tab (export SHP/WGS-84),2020-01-24T12:53:08.315000,wrong-file-format,,3 - search request,False,False,False,False,False,,,False,False,False
5a09a184c751df2045200379,enjeux-lineaires-ppr-garon-global-rhone,https://www.data.gouv.fr/fr/datasets/enjeux-lineaires-ppr-garon-global-rhone/,8b3ef7cc-8da7-4525-b008-d51e6d039f8c,n_enjeu_pprn_20130001_l_069.shp (archive),2020-01-24T12:53:08.316000,wrong-file-format,,3 - search request,False,False,False,False,False,,,False,False,False
5a09a184c751df2045200379,enjeux-lineaires-ppr-garon-global-rhone,https://www.data.gouv.fr/fr/datasets/enjeux-lineaires-ppr-garon-global-rhone/,29da9bd5-2d1e-4bd5-b15d-4949a8a5ab31,n_enjeu_pprn_20130001_l_069.shp (export GeoJSON),2020-01-24T12:53:08.317000,wrong-file-format,,3 - search request,False,False,False,False,False,,,False,False,False
5a09a184c751df2045200379,enjeux-lineaires-ppr-garon-global-rhone,https://www.data.gouv.fr/fr/datasets/enjeux-lineaires-ppr-garon-global-rhone/,5ec73b75-c4b3-4fbe-be2c-1541aad53bf9,n_enjeu_pprn_20130001_l_069.shp (export SHP/WGS-84),2020-01-24T12:53:08.318000,wrong-file-format,,3 - search request,False,False,False,False,False,,,False,False,False
5a09a184c751df2045200379,enjeux-lineaires-ppr-garon-global-rhone,https://www.data.gouv.fr/fr/datasets/enjeux-lineaires-ppr-garon-global-rhone/,20181be3-ecee-4199-9d5b-7deccc71e285,Assemblage_des_cours_deau_du_departement_de_lAin_millesime_2017.pdf,2020-01-24T12:53:08.319000,wrong-file-format,,3 - search request,False,False,False,False,False,,,False,False,False
5a09a184c751df2045200379,enjeux-lineaires-ppr-garon-global-rhone,https://www.data.gouv.fr/fr/datasets/enjeux-lineaires-ppr-garon-global-rhone/,9eb2f7f3-1ffc-40b6-82cc-ae12f6448bad,Service_WFS_de_GEORHONEALPES.pdf,2020-01-24T12:53:08.319000,wrong-file-format,,3 - search request,False,False,False,False,False,,,False,False,False
5a09a184c751df2045200379,enjeux-lineaires-ppr-garon-global-rhone,https://www.data.gouv.fr/fr/datasets/enjeux-lineaires-ppr-garon-global-rhone/,d3b31584-355e-4f40-ba4c-783a69ab6626,Service_WMS_de_DtARA.pdf,2020-01-24T12:53:08.320000,wrong-file-format,,3 - search request,False,False,False,False,False,,,False,False,False
5a09a184c751df2045200379,enjeux-lineaires-ppr-garon-global-rhone,https://www.data.gouv.fr/fr/datasets/enjeux-lineaires-ppr-garon-global-rhone/,c4de89f7-ce47-4ec6-9775-352eaa1f229c,Enjeux_lineaires_PPR_GARON_GLOBAL___Rhone.pdf,2020-01-24T12:53:08.321000,wrong-file-format,,3 - search request,False,False,False,False,False,,,False,False,False
5a09a184c751df2045200379,enjeux-lineaires-ppr-garon-global-rhone,https://www.data.gouv.fr/fr/datasets/enjeux-lineaires-ppr-garon-global-rhone/,a06cd44c-37de-4ba4-a9c1-3c8146ffbd05,catalogue_dattributs.pdf,2020-01-24T12:53:08.322000,wrong-file-format,,3 - search request,False,False,False,False,False,,,False,False,False
5a09a184c751df2045200379,enjeux-lineaires-ppr-garon-global-rhone,https://www.data.gouv.fr/fr/datasets/enjeux-lineaires-ppr-garon-global-rhone/,7b05a1e4-a861-409f-a748-2802ba8ea338,Service_de_telechargement_simple_de_DtARA__flux_ATOM.pdf,2020-01-24T12:53:08.323000,wrong-file-format,,3 - search request,False,False,False,False,False,,,False,False,False
5a09a184c751df2045200379,enjeux-lineaires-ppr-garon-global-rhone,https://www.data.gouv.fr/fr/datasets/enjeux-lineaires-ppr-garon-global-rhone/,65b53e9d-4a8c-4f70-84eb-8a752b3bb5c0,Service_WFS_de_DtARA.pdf,2020-01-24T12:53:08.323000,wrong-file-format,,3 - search request,False,False,False,False,False,,,False,False,False
5a09a184c751df2045200379,enjeux-lineaires-ppr-garon-global-rhone,https://www.data.gouv.fr/fr/datasets/enjeux-lineaires-ppr-garon-global-rhone/,7c25b85e-5f4c-4012-8477-38cf10a8a61b,Service_WMS_de_GEORHONEALPES.pdf,2020-01-24T12:53:08.324000,wrong-file-format,,3 - search request,False,False,False,False,False,,,False,False,False
5a09a184c751df2045200379,enjeux-lineaires-ppr-garon-global-rhone,https://www.data.gouv.fr/fr/datasets/enjeux-lineaires-ppr-garon-global-rhone/,b496fa70-75a0-45c5-bee4-aa8855a6d548,Service_de_telechargement_simple_de_GEORHONEALPES__flux_ATOM.pdf,2020-01-24T12:53:08.325000,wrong-file-format,,3 - search request,False,False,False,False,False,,,False,False,False
5a09a184c751df2045200379,enjeux-lineaires-ppr-garon-global-rhone,https://www.data.gouv.fr/fr/datasets/enjeux-lineaires-ppr-garon-global-rhone/,13ac6026-abe4-41ab-af40-8117048da5d4,2015_01_22_CONDITIONS_MAD_UTI_DONNEES.pdf,2020-01-24T12:53:08.326000,wrong-file-format,,3 - search request,False,False,False,False,False,,,False,False,False
5a09a184c751df2045200379,enjeux-lineaires-ppr-garon-global-rhone,https://www.data.gouv.fr/fr/datasets/enjeux-lineaires-ppr-garon-global-rhone/,e6f674a6-0812-4e0b-afaa-7dcf17162187,n_enjeu_pprn_20130001_l_069 (export GeoJSON),2020-01-24T12:53:08.331000,wrong-file-format,,3 - search request,False,False,False,False,False,,,False,False,False
5a09a184c751df2045200379,enjeux-lineaires-ppr-garon-global-rhone,https://www.data.gouv.fr/fr/datasets/enjeux-lineaires-ppr-garon-global-rhone/,66bdb853-b376-4e73-a0a7-50dbf9a19309,n_enjeu_pprn_20130001_l_069 (export SHP/WGS-84),2020-01-24T12:53:08.332000,wrong-file-format,,3 - search request,False,False,False,False,False,,,False,False,False
5a09a1f1c751df2201d962e9,enjeux-ponctuels-pris-en-compte-dans-un-plan-de-prevention-des-risques-yzeron,https://www.data.gouv.fr/fr/datasets/enjeux-ponctuels-pris-en-compte-dans-un-plan-de-prevention-des-risques-yzeron/,3161e81d-1175-47dd-8934-d381fb0fea57,n_enjeu_pprn_2007002_p_069 (export GeoJSON),2020-01-24T12:52:59.103000,wrong-file-format,,3 - search request,False,False,False,False,False,,,False,False,False
5a09a1f1c751df2201d962e9,enjeux-ponctuels-pris-en-compte-dans-un-plan-de-prevention-des-risques-yzeron,https://www.data.gouv.fr/fr/datasets/enjeux-ponctuels-pris-en-compte-dans-un-plan-de-prevention-des-risques-yzeron/,e517e81b-0dbf-4229-a58c-bfef948b4757,n_enjeu_pprn_2007002_p_069 (export SHP/WGS-84),2020-01-24T12:52:59.104000,wrong-file-format,,3 - search request,False,False,False,False,False,,,False,False,False
5a09a19d88ee3828e67aaf8e,enjeux-surfaciques-pris-en-compte-dans-un-plan-de-prevention-des-risques-ozon,https://www.data.gouv.fr/fr/datasets/enjeux-surfaciques-pris-en-compte-dans-un-plan-de-prevention-des-risques-ozon/,1ba8f304-263e-462f-b267-f6ac94240f11,n_enjeu_pprn_19980002_s_069.tab (archive),2020-01-24T12:53:06.173000,wrong-file-format,,3 - search request,False,False,False,False,False,,,False,False,False
5a09a19d88ee3828e67aaf8e,enjeux-surfaciques-pris-en-compte-dans-un-plan-de-prevention-des-risques-ozon,https://www.data.gouv.fr/fr/datasets/enjeux-surfaciques-pris-en-compte-dans-un-plan-de-prevention-des-risques-ozon/,f2aea728-f8a2-4050-a0be-ee1a5735ddf0,n_enjeu_pprn_19980002_s_069.tab (export GeoJSON),2020-01-24T12:53:06.174000,wrong-file-format,,3 - search request,False,False,False,False,False,,,False,False,False
5a09a19d88ee3828e67aaf8e,enjeux-surfaciques-pris-en-compte-dans-un-plan-de-prevention-des-risques-ozon,https://www.data.gouv.fr/fr/datasets/enjeux-surfaciques-pris-en-compte-dans-un-plan-de-prevention-des-risques-ozon/,ebae4f2b-d2c4-411b-9a44-39eda5f03a9e,n_enjeu_pprn_19980002_s_069.tab (export SHP/WGS-84),2020-01-24T12:53:06.175000,wrong-file-format,,3 - search request,False,False,False,False,False,,,False,False,False
5a09a19d88ee3828e67aaf8e,enjeux-surfaciques-pris-en-compte-dans-un-plan-de-prevention-des-risques-ozon,https://www.data.gouv.fr/fr/datasets/enjeux-surfaciques-pris-en-compte-dans-un-plan-de-prevention-des-risques-ozon/,640a4540-ffcf-4d4a-83f4-78f51f4fe7ba,n_enjeu_pprn_19980002_s_069.shp (archive),2020-01-24T12:53:06.176000,wrong-file-format,,3 - search request,False,False,False,False,False,,,False,False,False
5a09a19188ee3828e67aaf8d,enjeux-surfaciques-pris-en-compte-dans-un-plan-de-prevention-des-risques-saone-amont,https://www.data.gouv.fr/fr/datasets/enjeux-surfaciques-pris-en-compte-dans-un-plan-de-prevention-des-risques-saone-amont/,9fb6fc72-df7c-4ce6-a1fb-b4ccaf89771c,n_enjeu_pprn_20120002_s_069.shp (export SHP/WGS-84),2020-01-24T12:53:07.443000,wrong-file-format,,3 - search request,False,False,False,False,False,,,False,False,False
5a09a19d88ee3828e67aaf8e,enjeux-surfaciques-pris-en-compte-dans-un-plan-de-prevention-des-risques-ozon,https://www.data.gouv.fr/fr/datasets/enjeux-surfaciques-pris-en-compte-dans-un-plan-de-prevention-des-risques-ozon/,aa547480-2129-4ec7-9003-8e254dc8bbef,n_enjeu_pprn_19980002_s_069.shp (export GeoJSON),2020-01-24T12:53:06.178000,wrong-file-format,,3 - search request,False,False,False,False,False,,,False,False,False
5a09a19188ee3828e67aaf8d,enjeux-surfaciques-pris-en-compte-dans-un-plan-de-prevention-des-risques-saone-amont,https://www.data.gouv.fr/fr/datasets/enjeux-surfaciques-pris-en-compte-dans-un-plan-de-prevention-des-risques-saone-amont/,ba606e5c-654b-4438-abff-b24bdfe91a2c,n_enjeu_pprn_20120002_s_069.shp (export GeoJSON),2020-01-24T12:53:07.442000,wrong-file-format,,3 - search request,False,False,False,False,False,,,False,False,False
5a09a19188ee3828e67aaf8d,enjeux-surfaciques-pris-en-compte-dans-un-plan-de-prevention-des-risques-saone-amont,https://www.data.gouv.fr/fr/datasets/enjeux-surfaciques-pris-en-compte-dans-un-plan-de-prevention-des-risques-saone-amont/,fc3f086c-25a9-4aea-9e4f-cb2336dd4033,n_enjeu_pprn_20120002_s_069.tab (export SHP/WGS-84),2020-01-24T12:53:07.441000,wrong-file-format,,3 - search request,False,False,False,False,False,,,False,False,False
5a09a1f6c751df22202b270e,enjeux-lineaires-pris-en-compte-dans-un-plan-de-prevention-des-risques-yzeron,https://www.data.gouv.fr/fr/datasets/enjeux-lineaires-pris-en-compte-dans-un-plan-de-prevention-des-risques-yzeron/,9a9a0a6f-ab4b-416b-adbd-bd2b7127475e,Service_WMS_de_DtARA.pdf,2020-01-24T12:52:58.556000,wrong-file-format,,3 - search request,False,False,False,False,False,,,False,False,False
5a09a1f6c751df22202b270e,enjeux-lineaires-pris-en-compte-dans-un-plan-de-prevention-des-risques-yzeron,https://www.data.gouv.fr/fr/datasets/enjeux-lineaires-pris-en-compte-dans-un-plan-de-prevention-des-risques-yzeron/,b7e66a6d-5324-4fb6-a3e7-6f5402687494,catalogue_dattributs.pdf,2020-01-24T12:52:58.557000,wrong-file-format,,3 - search request,False,False,False,False,False,,,False,False,False
5a09a1f6c751df22202b270e,enjeux-lineaires-pris-en-compte-dans-un-plan-de-prevention-des-risques-yzeron,https://www.data.gouv.fr/fr/datasets/enjeux-lineaires-pris-en-compte-dans-un-plan-de-prevention-des-risques-yzeron/,340831bd-4e72-4de0-9a96-4b591337c45b,Service_de_telechargement_simple_de_DtARA__flux_ATOM.pdf,2020-01-24T12:52:58.557000,wrong-file-format,,3 - search request,False,False,False,False,False,,,False,False,False
5a09a1f6c751df22202b270e,enjeux-lineaires-pris-en-compte-dans-un-plan-de-prevention-des-risques-yzeron,https://www.data.gouv.fr/fr/datasets/enjeux-lineaires-pris-en-compte-dans-un-plan-de-prevention-des-risques-yzeron/,486ff08d-60d0-401a-ab22-5a4e283d1dd9,Enjeux_lineaires_pris_en_compte_dans_un_plan_de_prevention_des_risques___YZERON.pdf,2020-01-24T12:52:58.558000,wrong-file-format,,3 - search request,False,False,False,False,False,,,False,False,False
5a09a1f6c751df22202b270e,enjeux-lineaires-pris-en-compte-dans-un-plan-de-prevention-des-risques-yzeron,https://www.data.gouv.fr/fr/datasets/enjeux-lineaires-pris-en-compte-dans-un-plan-de-prevention-des-risques-yzeron/,da9509f1-82a3-4d26-b608-0f5b65f8c79c,2015_01_22_CONDITIONS_MAD_UTI_DONNEES.pdf,2020-01-24T12:52:58.558000,wrong-file-format,,3 - search request,False,False,False,False,False,,,False,False,False
5a09a1f6c751df22202b270e,enjeux-lineaires-pris-en-compte-dans-un-plan-de-prevention-des-risques-yzeron,https://www.data.gouv.fr/fr/datasets/enjeux-lineaires-pris-en-compte-dans-un-plan-de-prevention-des-risques-yzeron/,16ec98b5-b56c-4b49-b069-445107524b46,n_enjeu_pprn_20070002_l_069 (export GeoJSON),2020-01-24T12:52:58.559000,wrong-file-format,,3 - search request,False,False,False,False,False,,,False,False,False
5a09a1f6c751df22202b270e,enjeux-lineaires-pris-en-compte-dans-un-plan-de-prevention-des-risques-yzeron,https://www.data.gouv.fr/fr/datasets/enjeux-lineaires-pris-en-compte-dans-un-plan-de-prevention-des-risques-yzeron/,bbed8aa3-cf16-4e56-adad-14e166e239b1,n_enjeu_pprn_20070002_l_069 (export SHP/WGS-84),2020-01-24T12:52:58.560000,wrong-file-format,,3 - search request,False,False,False,False,False,,,False,False,False
5a09a1f488ee3832007f45e0,enjeux-ponctuels-pris-en-compte-dans-un-plan-de-prevention-des-risques-ozon,https://www.data.gouv.fr/fr/datasets/enjeux-ponctuels-pris-en-compte-dans-un-plan-de-prevention-des-risques-ozon/,f9a10925-c39d-45fa-95f9-9cd8fad297ab,n_enjeu_pprn_19980002_p_069 (export GeoJSON),2020-01-24T12:52:58.527000,wrong-file-format,,3 - search request,False,False,False,False,False,,,False,False,False
5a09a1f488ee3832007f45e0,enjeux-ponctuels-pris-en-compte-dans-un-plan-de-prevention-des-risques-ozon,https://www.data.gouv.fr/fr/datasets/enjeux-ponctuels-pris-en-compte-dans-un-plan-de-prevention-des-risques-ozon/,7ddd576b-cbda-4651-813c-24374725d1f9,n_enjeu_pprn_19980002_p_069 (export SHP/WGS-84),2020-01-24T12:52:58.528000,wrong-file-format,,3 - search request,False,False,False,False,False,,,False,False,False
5a09a1f188ee3832007f45df,enjeux-ponctuels-ppr-garon-global-rhone,https://www.data.gouv.fr/fr/datasets/enjeux-ponctuels-ppr-garon-global-rhone/,5a87bcb4-ff9b-4501-96bb-7805d825e913,n_enjeu_pprn_20130001_p_069.tab (archive),2020-01-24T12:52:59.093000,wrong-file-format,,3 - search request,False,False,False,False,False,,,False,False,False
5a09a1f188ee3832007f45df,enjeux-ponctuels-ppr-garon-global-rhone,https://www.data.gouv.fr/fr/datasets/enjeux-ponctuels-ppr-garon-global-rhone/,e6417338-16e2-4c89-b50d-7a7b56e02773,n_enjeu_pprn_20130001_p_069.tab (export GeoJSON),2020-01-24T12:52:59.094000,wrong-file-format,,3 - search request,False,False,False,False,False,,,False,False,False
5a09a1f188ee3832007f45df,enjeux-ponctuels-ppr-garon-global-rhone,https://www.data.gouv.fr/fr/datasets/enjeux-ponctuels-ppr-garon-global-rhone/,26a8d7da-2b56-4e99-971b-f1b4784ea78a,n_enjeu_pprn_20130001_p_069.tab (export SHP/WGS-84),2020-01-24T12:52:59.095000,wrong-file-format,,3 - search request,False,False,False,False,False,,,False,False,False
5a09a1f188ee3832007f45df,enjeux-ponctuels-ppr-garon-global-rhone,https://www.data.gouv.fr/fr/datasets/enjeux-ponctuels-ppr-garon-global-rhone/,a2328b60-fe57-4bc9-8aee-1400228383bf,2015_01_22_CONDITIONS_MAD_UTI_DONNEES.pdf,2020-01-24T12:52:59.095000,wrong-file-format,,3 - search request,False,False,False,False,False,,,False,False,False
5a09a1f188ee3832007f45df,enjeux-ponctuels-ppr-garon-global-rhone,https://www.data.gouv.fr/fr/datasets/enjeux-ponctuels-ppr-garon-global-rhone/,bf9bd002-2403-4bce-8966-f2a14dcf7497,Service_WMS_de_DtARA.pdf,2020-01-24T12:52:59.096000,wrong-file-format,,3 - search request,False,False,False,False,False,,,False,False,False
5a09a1f188ee3832007f45df,enjeux-ponctuels-ppr-garon-global-rhone,https://www.data.gouv.fr/fr/datasets/enjeux-ponctuels-ppr-garon-global-rhone/,642abb27-e655-4ba9-b5ed-4292ea2b8ef2,Service_de_telechargement_simple_de_DtARA__flux_ATOM.pdf,2020-01-24T12:52:59.097000,wrong-file-format,,3 - search request,False,False,False,False,False,,,False,False,False
5a09a1f188ee3832007f45df,enjeux-ponctuels-ppr-garon-global-rhone,https://www.data.gouv.fr/fr/datasets/enjeux-ponctuels-ppr-garon-global-rhone/,742973ee-4fb6-4a58-8af0-da406e5ef426,Enjeux_ponctuels_PPR_GARON_GLOBAL___Rhone.pdf,2020-01-24T12:52:59.097000,wrong-file-format,,3 - search request,False,False,False,False,False,,,False,False,False
5a09a1f188ee3832007f45df,enjeux-ponctuels-ppr-garon-global-rhone,https://www.data.gouv.fr/fr/datasets/enjeux-ponctuels-ppr-garon-global-rhone/,76c3aac1-7d7e-417a-aaa3-2fb734c2734a,catalogue_dattributs.pdf,2020-01-24T12:52:59.098000,wrong-file-format,,3 - search request,False,False,False,False,False,,,False,False,False
5a09a1f188ee3832007f45df,enjeux-ponctuels-ppr-garon-global-rhone,https://www.data.gouv.fr/fr/datasets/enjeux-ponctuels-ppr-garon-global-rhone/,2fd33cd0-a448-45c1-869b-b0153e1e4042,Service_WFS_de_DtARA.pdf,2020-01-24T12:52:59.099000,wrong-file-format,,3 - search request,False,False,False,False,False,,,False,False,False
5a09a1f188ee3832007f45df,enjeux-ponctuels-ppr-garon-global-rhone,https://www.data.gouv.fr/fr/datasets/enjeux-ponctuels-ppr-garon-global-rhone/,a886294c-8f80-45f3-bbbb-8da765f66da2,n_enjeu_pprn_20130001_p_069 (export GeoJSON),2020-01-24T12:52:59.099000,wrong-file-format,,3 - search request,False,False,False,False,False,,,False,False,False
5a09a1f188ee3832007f45df,enjeux-ponctuels-ppr-garon-global-rhone,https://www.data.gouv.fr/fr/datasets/enjeux-ponctuels-ppr-garon-global-rhone/,903bcbef-82ff-4dd9-b104-1a5963714d8b,n_enjeu_pprn_20130001_p_069 (export SHP/WGS-84),2020-01-24T12:52:59.100000,wrong-file-format,,3 - search request,False,False,False,False,False,,,False,False,False
5a09a191c751df1c9ee02d6d,enjeux-ponctuels-pris-en-compte-dans-un-plan-de-prevention-des-risques-brevenne-turdine,https://www.data.gouv.fr/fr/datasets/enjeux-ponctuels-pris-en-compte-dans-un-plan-de-prevention-des-risques-brevenne-turdine/,5db57851-adce-4965-85be-3ec4cd5679c1,2015_01_22_CONDITIONS_MAD_UTI_DONNEES.pdf,2020-01-24T12:53:07.206000,wrong-file-format,,3 - search request,False,False,False,False,False,,,False,False,False
5a09a191c751df1c9ee02d6d,enjeux-ponctuels-pris-en-compte-dans-un-plan-de-prevention-des-risques-brevenne-turdine,https://www.data.gouv.fr/fr/datasets/enjeux-ponctuels-pris-en-compte-dans-un-plan-de-prevention-des-risques-brevenne-turdine/,5429cbe0-ecae-471a-a938-4d660800d479,n_enjeu_pprn_20030003_p_069 (export GeoJSON),2020-01-24T12:53:07.207000,wrong-file-format,,3 - search request,False,False,False,False,False,,,False,False,False
5a09a191c751df1c9ee02d6d,enjeux-ponctuels-pris-en-compte-dans-un-plan-de-prevention-des-risques-brevenne-turdine,https://www.data.gouv.fr/fr/datasets/enjeux-ponctuels-pris-en-compte-dans-un-plan-de-prevention-des-risques-brevenne-turdine/,cd61c8f5-db14-42ec-a94c-c46ee97b16d7,n_enjeu_pprn_20030003_p_069 (export SHP/WGS-84),2020-01-24T12:53:07.208000,wrong-file-format,,3 - search request,False,False,False,False,False,,,False,False,False
5a09a199c751df2201d962e5,enjeux-surfaciques-pris-en-compte-dans-un-plan-de-prevention-des-risques-azergues,https://www.data.gouv.fr/fr/datasets/enjeux-surfaciques-pris-en-compte-dans-un-plan-de-prevention-des-risques-azergues/,57fb2228-d43e-4e3e-a0eb-c9d28bb8bb58,n_enjeu_pprn_20030004_s_069 (export GeoJSON),2020-01-24T12:53:06.810000,wrong-file-format,,3 - search request,False,False,False,False,False,,,False,False,False
5a09a199c751df2201d962e5,enjeux-surfaciques-pris-en-compte-dans-un-plan-de-prevention-des-risques-azergues,https://www.data.gouv.fr/fr/datasets/enjeux-surfaciques-pris-en-compte-dans-un-plan-de-prevention-des-risques-azergues/,a1de0022-ee68-461d-8ea7-03b356db5969,n_enjeu_pprn_20030004_s_069 (export SHP/WGS-84),2020-01-24T12:53:06.811000,wrong-file-format,,3 - search request,False,False,False,False,False,,,False,False,False
5a09a19188ee3828e67aaf8d,enjeux-surfaciques-pris-en-compte-dans-un-plan-de-prevention-des-risques-saone-amont,https://www.data.gouv.fr/fr/datasets/enjeux-surfaciques-pris-en-compte-dans-un-plan-de-prevention-des-risques-saone-amont/,1d8d023f-03f8-4412-ad4e-6f8831289391,n_enjeu_pprn_20120002_s_069.tab (archive),2020-01-24T12:53:07.440000,wrong-file-format,,3 - search request,False,False,False,False,False,,,False,False,False
5a09a19188ee3828e67aaf8d,enjeux-surfaciques-pris-en-compte-dans-un-plan-de-prevention-des-risques-saone-amont,https://www.data.gouv.fr/fr/datasets/enjeux-surfaciques-pris-en-compte-dans-un-plan-de-prevention-des-risques-saone-amont/,53d07ca1-fdac-45c1-8457-53920e527310,n_enjeu_pprn_20120002_s_069.tab (export GeoJSON),2020-01-24T12:53:07.441000,wrong-file-format,,3 - search request,False,False,False,False,False,,,False,False,False
5a09a19188ee3828e67aaf8d,enjeux-surfaciques-pris-en-compte-dans-un-plan-de-prevention-des-risques-saone-amont,https://www.data.gouv.fr/fr/datasets/enjeux-surfaciques-pris-en-compte-dans-un-plan-de-prevention-des-risques-saone-amont/,27123f0c-3f78-4bff-84aa-f636d1588494,n_enjeu_pprn_20120002_s_069.shp (archive),2020-01-24T12:53:07.442000,wrong-file-format,,3 - search request,False,False,False,False,False,,,False,False,False
5a09a1f6c751df22202b270e,enjeux-lineaires-pris-en-compte-dans-un-plan-de-prevention-des-risques-yzeron,https://www.data.gouv.fr/fr/datasets/enjeux-lineaires-pris-en-compte-dans-un-plan-de-prevention-des-risques-yzeron/,2ca9b2dc-7486-44e8-9eef-88a0a84a5aae,n_enjeu_pprn_20070002_l_069.tab (export SHP/WGS-84),2020-01-24T12:52:58.555000,wrong-file-format,,3 - search request,False,False,False,False,False,,,False,False,False
5a09a19d88ee3828e67aaf8e,enjeux-surfaciques-pris-en-compte-dans-un-plan-de-prevention-des-risques-ozon,https://www.data.gouv.fr/fr/datasets/enjeux-surfaciques-pris-en-compte-dans-un-plan-de-prevention-des-risques-ozon/,eec7b3d4-6679-476c-aa0d-48acdd7f39e2,n_enjeu_pprn_19980002_s_069.shp (export SHP/WGS-84),2020-01-24T12:53:06.178000,wrong-file-format,,3 - search request,False,False,False,False,False,,,False,False,False
5a09a19d88ee3828e67aaf8e,enjeux-surfaciques-pris-en-compte-dans-un-plan-de-prevention-des-risques-ozon,https://www.data.gouv.fr/fr/datasets/enjeux-surfaciques-pris-en-compte-dans-un-plan-de-prevention-des-risques-ozon/,30643cc3-6ee9-4081-9a70-3e8bcf5985d0,Enjeux_surfaciques_pris_en_compte_dans_un_plan_de_prevention_des_risques___OZON.pdf,2020-01-24T12:53:06.181000,wrong-file-format,,3 - search request,False,False,False,False,False,,,False,False,False
5a09a191c751df1c82537c7c,enjeux-surfaciques-pris-en-compte-dans-un-plan-de-prevention-des-risques-brevenne-turdine,https://www.data.gouv.fr/fr/datasets/enjeux-surfaciques-pris-en-compte-dans-un-plan-de-prevention-des-risques-brevenne-turdine/,92c4fb68-5107-4e0b-8129-bd1f63855f33,2015_01_22_CONDITIONS_MAD_UTI_DONNEES.pdf,2020-01-24T12:53:06.758000,wrong-file-format,,3 - search request,False,False,False,False,False,,,False,False,False
5a09a191c751df1c82537c7c,enjeux-surfaciques-pris-en-compte-dans-un-plan-de-prevention-des-risques-brevenne-turdine,https://www.data.gouv.fr/fr/datasets/enjeux-surfaciques-pris-en-compte-dans-un-plan-de-prevention-des-risques-brevenne-turdine/,c0638c30-0e6f-4c1c-9d42-4a9b56a0c98c,n_enjeux_surfacique_brevenne_turdine_069 (export GeoJSON),2020-01-24T12:53:06.759000,wrong-file-format,,3 - search request,False,False,False,False,False,,,False,False,False
5a09a191c751df1c82537c7c,enjeux-surfaciques-pris-en-compte-dans-un-plan-de-prevention-des-risques-brevenne-turdine,https://www.data.gouv.fr/fr/datasets/enjeux-surfaciques-pris-en-compte-dans-un-plan-de-prevention-des-risques-brevenne-turdine/,309c6e2a-ee80-4f2b-ab1e-bbd3ec33c436,n_enjeux_surfacique_brevenne_turdine_069 (export SHP/WGS-84),2020-01-24T12:53:06.760000,wrong-file-format,,3 - search request,False,False,False,False,False,,,False,False,False
5a09a18888ee383206099076,enjeux-lineaires-pris-en-compte-dans-un-plan-de-prevention-des-risques-saone-amont,https://www.data.gouv.fr/fr/datasets/enjeux-lineaires-pris-en-compte-dans-un-plan-de-prevention-des-risques-saone-amont/,b649b330-ae70-40cf-8944-6a5287c05619,n_enjeu_pprn_20120002_l_069.tab (archive),2020-01-24T12:53:07.825000,wrong-file-format,,3 - search request,False,False,False,False,False,,,False,False,False
5a09a18888ee383206099076,enjeux-lineaires-pris-en-compte-dans-un-plan-de-prevention-des-risques-saone-amont,https://www.data.gouv.fr/fr/datasets/enjeux-lineaires-pris-en-compte-dans-un-plan-de-prevention-des-risques-saone-amont/,87edd3b1-3ea0-43be-93c4-fd874ace5d3a,n_enjeu_pprn_20120002_l_069.tab (export GeoJSON),2020-01-24T12:53:07.828000,wrong-file-format,,3 - search request,False,False,False,False,False,,,False,False,False
5a09a18888ee383206099076,enjeux-lineaires-pris-en-compte-dans-un-plan-de-prevention-des-risques-saone-amont,https://www.data.gouv.fr/fr/datasets/enjeux-lineaires-pris-en-compte-dans-un-plan-de-prevention-des-risques-saone-amont/,3e6ff2d4-1fba-4db4-91b5-5f10e77ba938,n_enjeu_pprn_20120002_l_069.tab (export SHP/WGS-84),2020-01-24T12:53:07.829000,wrong-file-format,,3 - search request,False,False,False,False,False,,,False,False,False
5a09a18888ee383206099076,enjeux-lineaires-pris-en-compte-dans-un-plan-de-prevention-des-risques-saone-amont,https://www.data.gouv.fr/fr/datasets/enjeux-lineaires-pris-en-compte-dans-un-plan-de-prevention-des-risques-saone-amont/,a1101344-5ae8-4b29-a77a-f4b3d45c7ac2,n_enjeu_pprn_20120002_l_069.shp (archive),2020-01-24T12:53:07.831000,wrong-file-format,,3 - search request,False,False,False,False,False,,,False,False,False
5a09a18888ee383206099076,enjeux-lineaires-pris-en-compte-dans-un-plan-de-prevention-des-risques-saone-amont,https://www.data.gouv.fr/fr/datasets/enjeux-lineaires-pris-en-compte-dans-un-plan-de-prevention-des-risques-saone-amont/,f807a9f0-f975-468e-bd9f-c1243a639544,n_enjeu_pprn_20120002_l_069.shp (export GeoJSON),2020-01-24T12:53:07.832000,wrong-file-format,,3 - search request,False,False,False,False,False,,,False,False,False
5a09a18888ee383206099076,enjeux-lineaires-pris-en-compte-dans-un-plan-de-prevention-des-risques-saone-amont,https://www.data.gouv.fr/fr/datasets/enjeux-lineaires-pris-en-compte-dans-un-plan-de-prevention-des-risques-saone-amont/,4aaac3fe-8b09-47bd-b901-1405051a366c,n_enjeu_pprn_20120002_l_069.shp (export SHP/WGS-84),2020-01-24T12:53:07.833000,wrong-file-format,,3 - search request,False,False,False,False,False,,,False,False,False
5a09a18888ee383206099076,enjeux-lineaires-pris-en-compte-dans-un-plan-de-prevention-des-risques-saone-amont,https://www.data.gouv.fr/fr/datasets/enjeux-lineaires-pris-en-compte-dans-un-plan-de-prevention-des-risques-saone-amont/,5462f5ad-7002-4592-847d-67c4ecb47fcb,Enjeux_lineaires_pris_en_compte_dans_un_plan_de_prevention_des_risques___SAONE_AMONT.pdf,2020-01-24T12:53:07.835000,wrong-file-format,,3 - search request,False,False,False,False,False,,,False,False,False
5a09a18888ee383206099076,enjeux-lineaires-pris-en-compte-dans-un-plan-de-prevention-des-risques-saone-amont,https://www.data.gouv.fr/fr/datasets/enjeux-lineaires-pris-en-compte-dans-un-plan-de-prevention-des-risques-saone-amont/,82528d09-5cc2-4b83-8608-12dac18c39cf,Service_WMS_de_GEORHONEALPES.pdf,2020-01-24T12:53:07.836000,wrong-file-format,,3 - search request,False,False,False,False,False,,,False,False,False
5a09a18888ee383206099076,enjeux-lineaires-pris-en-compte-dans-un-plan-de-prevention-des-risques-saone-amont,https://www.data.gouv.fr/fr/datasets/enjeux-lineaires-pris-en-compte-dans-un-plan-de-prevention-des-risques-saone-amont/,9a9a4a43-6d7a-4b1e-9024-449613e5aa29,catalogue_dattributs.pdf,2020-01-24T12:53:07.837000,wrong-file-format,,3 - search request,False,False,False,False,False,,,False,False,False
5a09a18888ee383206099076,enjeux-lineaires-pris-en-compte-dans-un-plan-de-prevention-des-risques-saone-amont,https://www.data.gouv.fr/fr/datasets/enjeux-lineaires-pris-en-compte-dans-un-plan-de-prevention-des-risques-saone-amont/,694c06bd-0b35-4f9d-8b53-3f69ab84f8ee,Service_de_telechargement_simple_de_DtARA__flux_ATOM.pdf,2020-01-24T12:53:07.839000,wrong-file-format,,3 - search request,False,False,False,False,False,,,False,False,False
5a09a18888ee383206099076,enjeux-lineaires-pris-en-compte-dans-un-plan-de-prevention-des-risques-saone-amont,https://www.data.gouv.fr/fr/datasets/enjeux-lineaires-pris-en-compte-dans-un-plan-de-prevention-des-risques-saone-amont/,f5c90b1b-6761-424a-a535-63478ee2b7fe,Service_WFS_de_GEORHONEALPES.pdf,2020-01-24T12:53:07.840000,wrong-file-format,,3 - search request,False,False,False,False,False,,,False,False,False
5a09a18888ee383206099076,enjeux-lineaires-pris-en-compte-dans-un-plan-de-prevention-des-risques-saone-amont,https://www.data.gouv.fr/fr/datasets/enjeux-lineaires-pris-en-compte-dans-un-plan-de-prevention-des-risques-saone-amont/,89f37b97-e142-4a3f-b314-948aabf9b93e,Service_de_telechargement_simple_de_GEORHONEALPES__flux_ATOM.pdf,2020-01-24T12:53:07.841000,wrong-file-format,,3 - search request,False,False,False,False,False,,,False,False,False
5a09a18888ee383206099076,enjeux-lineaires-pris-en-compte-dans-un-plan-de-prevention-des-risques-saone-amont,https://www.data.gouv.fr/fr/datasets/enjeux-lineaires-pris-en-compte-dans-un-plan-de-prevention-des-risques-saone-amont/,9b9525b3-2ab5-4884-be77-a43c7c06e172,Service_WMS_de_DtARA.pdf,2020-01-24T12:53:07.842000,wrong-file-format,,3 - search request,False,False,False,False,False,,,False,False,False
5a09a18888ee383206099076,enjeux-lineaires-pris-en-compte-dans-un-plan-de-prevention-des-risques-saone-amont,https://www.data.gouv.fr/fr/datasets/enjeux-lineaires-pris-en-compte-dans-un-plan-de-prevention-des-risques-saone-amont/,54ccb213-f9c1-4282-ad7d-636c33c2bcfe,2015_01_22_CONDITIONS_MAD_UTI_DONNEES.pdf,2020-01-24T12:53:07.842000,wrong-file-format,,3 - search request,False,False,False,False,False,,,False,False,False
5a09a18888ee383206099076,enjeux-lineaires-pris-en-compte-dans-un-plan-de-prevention-des-risques-saone-amont,https://www.data.gouv.fr/fr/datasets/enjeux-lineaires-pris-en-compte-dans-un-plan-de-prevention-des-risques-saone-amont/,f3724240-d1fb-4497-b35f-93992ca8e5c4,n_enjeu_pprn_20120002_l_069 (export GeoJSON),2020-01-24T12:53:07.843000,wrong-file-format,,3 - search request,False,False,False,False,False,,,False,False,False
5a09a18888ee383206099076,enjeux-lineaires-pris-en-compte-dans-un-plan-de-prevention-des-risques-saone-amont,https://www.data.gouv.fr/fr/datasets/enjeux-lineaires-pris-en-compte-dans-un-plan-de-prevention-des-risques-saone-amont/,8e5ada32-58cd-4178-bb9e-8115a6950b85,n_enjeu_pprn_20120002_l_069 (export SHP/WGS-84),2020-01-24T12:53:07.844000,wrong-file-format,,3 - search request,False,False,False,False,False,,,False,False,False
5a09a18488ee3832007f45d8,enjeux-lineaires-pris-en-compte-dans-un-plan-de-prevention-des-risques-brevenne-turdine,https://www.data.gouv.fr/fr/datasets/enjeux-lineaires-pris-en-compte-dans-un-plan-de-prevention-des-risques-brevenne-turdine/,0ebfd242-2b1a-4e98-8a59-0fbe0a0ce1ca,n_enjeu_pprn_20030003_l_069.tab (archive),2020-01-24T12:53:08.253000,wrong-file-format,,3 - search request,False,False,False,False,False,,,False,False,False
5a09a18488ee3832007f45d8,enjeux-lineaires-pris-en-compte-dans-un-plan-de-prevention-des-risques-brevenne-turdine,https://www.data.gouv.fr/fr/datasets/enjeux-lineaires-pris-en-compte-dans-un-plan-de-prevention-des-risques-brevenne-turdine/,c3ef1cda-76f0-430b-9f92-369dfa17ec0b,n_enjeu_pprn_20030003_l_069.tab (export GeoJSON),2020-01-24T12:53:08.253000,wrong-file-format,,3 - search request,False,False,False,False,False,,,False,False,False
5a09a18488ee3832007f45d8,enjeux-lineaires-pris-en-compte-dans-un-plan-de-prevention-des-risques-brevenne-turdine,https://www.data.gouv.fr/fr/datasets/enjeux-lineaires-pris-en-compte-dans-un-plan-de-prevention-des-risques-brevenne-turdine/,fd422aa9-4cbd-4e11-866b-01b4290643eb,n_enjeu_pprn_20030003_l_069.tab (export SHP/WGS-84),2020-01-24T12:53:08.254000,wrong-file-format,,3 - search request,False,False,False,False,False,,,False,False,False
5a09a18488ee3832007f45d8,enjeux-lineaires-pris-en-compte-dans-un-plan-de-prevention-des-risques-brevenne-turdine,https://www.data.gouv.fr/fr/datasets/enjeux-lineaires-pris-en-compte-dans-un-plan-de-prevention-des-risques-brevenne-turdine/,724dfccd-b897-4440-9f68-1782b5af8106,Service_WMS_de_DtARA.pdf,2020-01-24T12:53:08.254000,wrong-file-format,,3 - search request,False,False,False,False,False,,,False,False,False
5a09a18488ee3832007f45d8,enjeux-lineaires-pris-en-compte-dans-un-plan-de-prevention-des-risques-brevenne-turdine,https://www.data.gouv.fr/fr/datasets/enjeux-lineaires-pris-en-compte-dans-un-plan-de-prevention-des-risques-brevenne-turdine/,c3389a20-9329-4b7c-b2ab-7ada48af0558,catalogue_dattributs.pdf,2020-01-24T12:53:08.255000,wrong-file-format,,3 - search request,False,False,False,False,False,,,False,False,False
5a09a18488ee3832007f45d8,enjeux-lineaires-pris-en-compte-dans-un-plan-de-prevention-des-risques-brevenne-turdine,https://www.data.gouv.fr/fr/datasets/enjeux-lineaires-pris-en-compte-dans-un-plan-de-prevention-des-risques-brevenne-turdine/,7d1c98a0-dbf1-4bf7-9cc4-f19706f7aa2d,Service_de_telechargement_simple_de_DtARA__flux_ATOM.pdf,2020-01-24T12:53:08.256000,wrong-file-format,,3 - search request,False,False,False,False,False,,,False,False,False
5a09a18488ee3832007f45d8,enjeux-lineaires-pris-en-compte-dans-un-plan-de-prevention-des-risques-brevenne-turdine,https://www.data.gouv.fr/fr/datasets/enjeux-lineaires-pris-en-compte-dans-un-plan-de-prevention-des-risques-brevenne-turdine/,2372a8bf-9ecf-4198-9234-ddea789c8b95,Enjeux_lineaires_pris_en_compte_dans_un_plan_de_prevention_des_risques___BREVENNE___TURDINE.pdf,2020-01-24T12:53:08.256000,wrong-file-format,,3 - search request,False,False,False,False,False,,,False,False,False
5a09a18488ee3832007f45d8,enjeux-lineaires-pris-en-compte-dans-un-plan-de-prevention-des-risques-brevenne-turdine,https://www.data.gouv.fr/fr/datasets/enjeux-lineaires-pris-en-compte-dans-un-plan-de-prevention-des-risques-brevenne-turdine/,2d47ef48-e6e2-4a1e-b92c-f265329cd7c1,2015_01_22_CONDITIONS_MAD_UTI_DONNEES.pdf,2020-01-24T12:53:08.257000,wrong-file-format,,3 - search request,False,False,False,False,False,,,False,False,False
5a09a1efc751df22202b270d,enjeux-lineaires-pris-en-compte-dans-un-plan-de-prevention-des-risques-saone-aval,https://www.data.gouv.fr/fr/datasets/enjeux-lineaires-pris-en-compte-dans-un-plan-de-prevention-des-risques-saone-aval/,722f0cd2-042d-4509-902e-180da2815018,n_enjeu_pprn_20120004_l_069 (export SHP/WGS-84),2020-01-24T12:52:59.311000,wrong-file-format,,3 - search request,False,False,False,False,False,,,False,False,False
5a09a19d88ee3828e67aaf8e,enjeux-surfaciques-pris-en-compte-dans-un-plan-de-prevention-des-risques-ozon,https://www.data.gouv.fr/fr/datasets/enjeux-surfaciques-pris-en-compte-dans-un-plan-de-prevention-des-risques-ozon/,4e682682-6706-4256-95e6-3ce6621aca2f,2015_01_22_CONDITIONS_MAD_UTI_DONNEES.pdf,2020-01-24T12:53:06.179000,wrong-file-format,,3 - search request,False,False,False,False,False,,,False,False,False
5a09a1efc751df22202b270d,enjeux-lineaires-pris-en-compte-dans-un-plan-de-prevention-des-risques-saone-aval,https://www.data.gouv.fr/fr/datasets/enjeux-lineaires-pris-en-compte-dans-un-plan-de-prevention-des-risques-saone-aval/,7419cab6-d08d-4262-9fb4-96f318cf0007,n_enjeu_pprn_20120004_l_069 (export GeoJSON),2020-01-24T12:52:59.310000,wrong-file-format,,3 - search request,False,False,False,False,False,,,False,False,False
5a09a1f988ee382e5cd4b750,enjeux-surfaciques-pris-en-compte-dans-un-plan-de-prevention-des-risques-saone-moyen,https://www.data.gouv.fr/fr/datasets/enjeux-surfaciques-pris-en-compte-dans-un-plan-de-prevention-des-risques-saone-moyen/,f6e759e5-4006-4cc3-8039-3690573ead58,n_enjeu_pprn_20120003_s_069 (export GeoJSON),2020-01-24T12:52:57.918000,wrong-file-format,,3 - search request,False,False,False,False,False,,,False,False,False
5a09a19d88ee3828e67aaf8e,enjeux-surfaciques-pris-en-compte-dans-un-plan-de-prevention-des-risques-ozon,https://www.data.gouv.fr/fr/datasets/enjeux-surfaciques-pris-en-compte-dans-un-plan-de-prevention-des-risques-ozon/,2717d3d8-aa68-4da8-a9e7-7424ce46e77b,Service_de_telechargement_simple_de_DtARA__flux_ATOM.pdf,2020-01-24T12:53:06.182000,wrong-file-format,,3 - search request,False,False,False,False,False,,,False,False,False
5a09a19d88ee3828e67aaf8e,enjeux-surfaciques-pris-en-compte-dans-un-plan-de-prevention-des-risques-ozon,https://www.data.gouv.fr/fr/datasets/enjeux-surfaciques-pris-en-compte-dans-un-plan-de-prevention-des-risques-ozon/,f6ef456b-2d56-4819-a797-70bbf4ad2bc6,Service_WMS_de_DtARA.pdf,2020-01-24T12:53:06.182000,wrong-file-format,,3 - search request,False,False,False,False,False,,,False,False,False
5a09a19d88ee3828e67aaf8e,enjeux-surfaciques-pris-en-compte-dans-un-plan-de-prevention-des-risques-ozon,https://www.data.gouv.fr/fr/datasets/enjeux-surfaciques-pris-en-compte-dans-un-plan-de-prevention-des-risques-ozon/,dd4cf48e-eb99-453b-8743-18774735a8d5,catalogue_dattributs.pdf,2020-01-24T12:53:06.185000,wrong-file-format,,3 - search request,False,False,False,False,False,,,False,False,False
5a09a19d88ee3828e67aaf8e,enjeux-surfaciques-pris-en-compte-dans-un-plan-de-prevention-des-risques-ozon,https://www.data.gouv.fr/fr/datasets/enjeux-surfaciques-pris-en-compte-dans-un-plan-de-prevention-des-risques-ozon/,b39370cc-9c7b-4720-8412-bf4c159eba8b,Service_WFS_de_DtARA.pdf,2020-01-24T12:53:06.185000,wrong-file-format,,3 - search request,False,False,False,False,False,,,False,False,False
5a09a19d88ee3828e67aaf8e,enjeux-surfaciques-pris-en-compte-dans-un-plan-de-prevention-des-risques-ozon,https://www.data.gouv.fr/fr/datasets/enjeux-surfaciques-pris-en-compte-dans-un-plan-de-prevention-des-risques-ozon/,b596ff79-4696-464d-94a1-0b9b813ae75f,n_enjeu_pprn_19980002_s_069 (export GeoJSON),2020-01-24T12:53:06.186000,wrong-file-format,,3 - search request,False,False,False,False,False,,,False,False,False
5a09a19d88ee3828e67aaf8e,enjeux-surfaciques-pris-en-compte-dans-un-plan-de-prevention-des-risques-ozon,https://www.data.gouv.fr/fr/datasets/enjeux-surfaciques-pris-en-compte-dans-un-plan-de-prevention-des-risques-ozon/,3c212443-3723-48af-bffa-3f32f180ec3c,n_enjeu_pprn_19980002_s_069 (export SHP/WGS-84),2020-01-24T12:53:06.188000,wrong-file-format,,3 - search request,False,False,False,False,False,,,False,False,False
56f272f988ee38631ff07b04,enjeux-lineaires-pris-en-compte-dans-un-plan-de-prevention-des-risques-azergues,https://www.data.gouv.fr/fr/datasets/enjeux-lineaires-pris-en-compte-dans-un-plan-de-prevention-des-risques-azergues/,58cd6aad-0491-41aa-9faf-54d303905aa1,n_enjeu_pprn_20030004_l_069.tab (archive),2020-01-24T13:15:31.915000,wrong-file-format,,3 - search request,False,False,False,False,False,,,False,False,False
56f272f988ee38631ff07b04,enjeux-lineaires-pris-en-compte-dans-un-plan-de-prevention-des-risques-azergues,https://www.data.gouv.fr/fr/datasets/enjeux-lineaires-pris-en-compte-dans-un-plan-de-prevention-des-risques-azergues/,49fc4ef1-9f1b-44d3-8031-e766dbf5bb3c,n_enjeu_pprn_20030004_l_069.tab (export GeoJSON),2020-01-24T13:15:31.915000,wrong-file-format,,3 - search request,False,False,False,False,False,,,False,False,False
56f272f988ee38631ff07b04,enjeux-lineaires-pris-en-compte-dans-un-plan-de-prevention-des-risques-azergues,https://www.data.gouv.fr/fr/datasets/enjeux-lineaires-pris-en-compte-dans-un-plan-de-prevention-des-risques-azergues/,0e6597fb-3c6c-4461-bb03-1cf99cbc568b,n_enjeu_pprn_20030004_l_069.tab (export SHP/WGS-84),2020-01-24T13:15:31.916000,wrong-file-format,,3 - search request,False,False,False,False,False,,,False,False,False
56f272f988ee38631ff07b04,enjeux-lineaires-pris-en-compte-dans-un-plan-de-prevention-des-risques-azergues,https://www.data.gouv.fr/fr/datasets/enjeux-lineaires-pris-en-compte-dans-un-plan-de-prevention-des-risques-azergues/,9e54dd01-eea1-424c-92a8-d7c754cfaef6,n_enjeu_pprn_20030004_l_069 (export GeoJSON),2020-01-24T13:15:31.916000,wrong-file-format,,3 - search request,False,False,False,False,False,,,False,False,False
56f272f988ee38631ff07b04,enjeux-lineaires-pris-en-compte-dans-un-plan-de-prevention-des-risques-azergues,https://www.data.gouv.fr/fr/datasets/enjeux-lineaires-pris-en-compte-dans-un-plan-de-prevention-des-risques-azergues/,7a7b9072-8312-48a5-aa7c-7288d791168c,n_enjeu_pprn_20030004_l_069 (export SHP/WGS-84),2020-01-24T13:15:31.917000,wrong-file-format,,3 - search request,False,False,False,False,False,,,False,False,False
5a09a20dc751df2201d962eb,enjeux-surfaciques-pris-en-compte-dans-un-plan-de-prevention-des-risques-saone-aval,https://www.data.gouv.fr/fr/datasets/enjeux-surfaciques-pris-en-compte-dans-un-plan-de-prevention-des-risques-saone-aval/,b9ab9d78-effa-403a-bdfc-35182b6c0760,n_enjeu_pprn_20120004_s_069 (export GeoJSON),2020-01-24T12:52:57.605000,wrong-file-format,,3 - search request,False,False,False,False,False,,,False,False,False
5a09a20dc751df2201d962eb,enjeux-surfaciques-pris-en-compte-dans-un-plan-de-prevention-des-risques-saone-aval,https://www.data.gouv.fr/fr/datasets/enjeux-surfaciques-pris-en-compte-dans-un-plan-de-prevention-des-risques-saone-aval/,e598c16b-230b-4fe5-8ed6-376dd23a572f,n_enjeu_pprn_20120004_s_069 (export SHP/WGS-84),2020-01-24T12:52:57.605000,wrong-file-format,,3 - search request,False,False,False,False,False,,,False,False,False
5a09a1f988ee382e5cd4b750,enjeux-surfaciques-pris-en-compte-dans-un-plan-de-prevention-des-risques-saone-moyen,https://www.data.gouv.fr/fr/datasets/enjeux-surfaciques-pris-en-compte-dans-un-plan-de-prevention-des-risques-saone-moyen/,b5047563-416d-498c-84f5-e08ae9a9b817,n_enjeu_pprn_20120003_s_069.shp (archive),2020-01-24T12:52:57.904000,wrong-file-format,,3 - search request,False,False,False,False,False,,,False,False,False
5a09a1f988ee382e5cd4b750,enjeux-surfaciques-pris-en-compte-dans-un-plan-de-prevention-des-risques-saone-moyen,https://www.data.gouv.fr/fr/datasets/enjeux-surfaciques-pris-en-compte-dans-un-plan-de-prevention-des-risques-saone-moyen/,7d8e0177-50e6-445f-a4e2-151029893ce9,n_enjeu_pprn_20120003_s_069.shp (export GeoJSON),2020-01-24T12:52:57.904000,wrong-file-format,,3 - search request,False,False,False,False,False,,,False,False,False
5a09a1f988ee382e5cd4b750,enjeux-surfaciques-pris-en-compte-dans-un-plan-de-prevention-des-risques-saone-moyen,https://www.data.gouv.fr/fr/datasets/enjeux-surfaciques-pris-en-compte-dans-un-plan-de-prevention-des-risques-saone-moyen/,535d70d8-4450-4faa-9ff4-b60892e91e19,n_enjeu_pprn_20120003_s_069.shp (export SHP/WGS-84),2020-01-24T12:52:57.906000,wrong-file-format,,3 - search request,False,False,False,False,False,,,False,False,False
5a09a1f988ee382e5cd4b750,enjeux-surfaciques-pris-en-compte-dans-un-plan-de-prevention-des-risques-saone-moyen,https://www.data.gouv.fr/fr/datasets/enjeux-surfaciques-pris-en-compte-dans-un-plan-de-prevention-des-risques-saone-moyen/,49a236b4-82f9-4d09-836f-2d2917d6bf0b,n_enjeu_pprn_20120003_s_069.tab (archive),2020-01-24T12:52:57.907000,wrong-file-format,,3 - search request,False,False,False,False,False,,,False,False,False
5a09a1f988ee382e5cd4b750,enjeux-surfaciques-pris-en-compte-dans-un-plan-de-prevention-des-risques-saone-moyen,https://www.data.gouv.fr/fr/datasets/enjeux-surfaciques-pris-en-compte-dans-un-plan-de-prevention-des-risques-saone-moyen/,637600ab-3dc7-42cd-94b1-2ba3daf7efef,n_enjeu_pprn_20120003_s_069.tab (export GeoJSON),2020-01-24T12:52:57.907000,wrong-file-format,,3 - search request,False,False,False,False,False,,,False,False,False
5a09a1f988ee382e5cd4b750,enjeux-surfaciques-pris-en-compte-dans-un-plan-de-prevention-des-risques-saone-moyen,https://www.data.gouv.fr/fr/datasets/enjeux-surfaciques-pris-en-compte-dans-un-plan-de-prevention-des-risques-saone-moyen/,f0890191-69e9-4b7f-88dc-4984444a6e49,n_enjeu_pprn_20120003_s_069.tab (export SHP/WGS-84),2020-01-24T12:52:57.908000,wrong-file-format,,3 - search request,False,False,False,False,False,,,False,False,False
5a09a1f988ee382e5cd4b750,enjeux-surfaciques-pris-en-compte-dans-un-plan-de-prevention-des-risques-saone-moyen,https://www.data.gouv.fr/fr/datasets/enjeux-surfaciques-pris-en-compte-dans-un-plan-de-prevention-des-risques-saone-moyen/,559243e7-ceb7-43a5-ab7a-eb007503ac67,2015_01_22_CONDITIONS_MAD_UTI_DONNEES.pdf,2020-01-24T12:52:57.909000,wrong-file-format,,3 - search request,False,False,False,False,False,,,False,False,False
5a09a1f988ee382e5cd4b750,enjeux-surfaciques-pris-en-compte-dans-un-plan-de-prevention-des-risques-saone-moyen,https://www.data.gouv.fr/fr/datasets/enjeux-surfaciques-pris-en-compte-dans-un-plan-de-prevention-des-risques-saone-moyen/,08ce96a1-a094-4174-af27-49f5fd3b7d72,catalogue_dattributs.pdf,2020-01-24T12:52:57.909000,wrong-file-format,,3 - search request,False,False,False,False,False,,,False,False,False
5a09a1f988ee382e5cd4b750,enjeux-surfaciques-pris-en-compte-dans-un-plan-de-prevention-des-risques-saone-moyen,https://www.data.gouv.fr/fr/datasets/enjeux-surfaciques-pris-en-compte-dans-un-plan-de-prevention-des-risques-saone-moyen/,56d52ced-d621-4311-9ff7-4d49d4869a32,Service_de_telechargement_simple_de_DtARA__flux_ATOM.pdf,2020-01-24T12:52:57.910000,wrong-file-format,,3 - search request,False,False,False,False,False,,,False,False,False
5a09a1f988ee382e5cd4b750,enjeux-surfaciques-pris-en-compte-dans-un-plan-de-prevention-des-risques-saone-moyen,https://www.data.gouv.fr/fr/datasets/enjeux-surfaciques-pris-en-compte-dans-un-plan-de-prevention-des-risques-saone-moyen/,817998b7-5f55-4698-ac3b-68ef88400ab7,Service_WMS_de_DtARA.pdf,2020-01-24T12:52:57.912000,wrong-file-format,,3 - search request,False,False,False,False,False,,,False,False,False
5a09a1f988ee382e5cd4b750,enjeux-surfaciques-pris-en-compte-dans-un-plan-de-prevention-des-risques-saone-moyen,https://www.data.gouv.fr/fr/datasets/enjeux-surfaciques-pris-en-compte-dans-un-plan-de-prevention-des-risques-saone-moyen/,cb3426f0-5963-4084-bbcd-088a755ea510,Service_WFS_de_DtARA.pdf,2020-01-24T12:52:57.913000,wrong-file-format,,3 - search request,False,False,False,False,False,,,False,False,False
5a09a1f988ee382e5cd4b750,enjeux-surfaciques-pris-en-compte-dans-un-plan-de-prevention-des-risques-saone-moyen,https://www.data.gouv.fr/fr/datasets/enjeux-surfaciques-pris-en-compte-dans-un-plan-de-prevention-des-risques-saone-moyen/,0e165f97-fd4c-4b8b-b0a6-ffb5ea3b99eb,Zone_reglementee_PPRT_TACS_20090020___Rhone.pdf,2020-01-24T12:52:57.914000,wrong-file-format,,3 - search request,False,False,False,False,False,,,False,False,False
5a09a1f988ee382e5cd4b750,enjeux-surfaciques-pris-en-compte-dans-un-plan-de-prevention-des-risques-saone-moyen,https://www.data.gouv.fr/fr/datasets/enjeux-surfaciques-pris-en-compte-dans-un-plan-de-prevention-des-risques-saone-moyen/,60479226-2ad8-4a82-8e25-9875806aae6a,Zone_reglementee_PPRT_ST_PRIEST_20090026___Rhone.pdf,2020-01-24T12:52:57.915000,wrong-file-format,,3 - search request,False,False,False,False,False,,,False,False,False
5a09a1f988ee382e5cd4b750,enjeux-surfaciques-pris-en-compte-dans-un-plan-de-prevention-des-risques-saone-moyen,https://www.data.gouv.fr/fr/datasets/enjeux-surfaciques-pris-en-compte-dans-un-plan-de-prevention-des-risques-saone-moyen/,8291ba12-4941-4c48-9f39-da1847316841,Enjeux_surfaciques_pris_en_compte_dans_un_plan_de_prevention_des_risques___SAONE_MOYEN.pdf,2020-01-24T12:52:57.916000,wrong-file-format,,3 - search request,False,False,False,False,False,,,False,False,False
5a09a1f988ee382e5cd4b750,enjeux-surfaciques-pris-en-compte-dans-un-plan-de-prevention-des-risques-saone-moyen,https://www.data.gouv.fr/fr/datasets/enjeux-surfaciques-pris-en-compte-dans-un-plan-de-prevention-des-risques-saone-moyen/,68c263eb-3796-442c-825f-27b2c051450d,n_enjeu_pprn_20120003_s_069 (export SHP/WGS-84),2020-01-24T12:52:57.918000,wrong-file-format,,3 - search request,False,False,False,False,False,,,False,False,False
5a09a18488ee3832007f45d8,enjeux-lineaires-pris-en-compte-dans-un-plan-de-prevention-des-risques-brevenne-turdine,https://www.data.gouv.fr/fr/datasets/enjeux-lineaires-pris-en-compte-dans-un-plan-de-prevention-des-risques-brevenne-turdine/,72fd2548-7c24-4a01-b9da-4392209517ab,n_enjeu_pprn_20030003_l_069 (export GeoJSON),2020-01-24T12:53:08.257000,wrong-file-format,,3 - search request,False,False,False,False,False,,,False,False,False
5a09a1f6c751df22202b270e,enjeux-lineaires-pris-en-compte-dans-un-plan-de-prevention-des-risques-yzeron,https://www.data.gouv.fr/fr/datasets/enjeux-lineaires-pris-en-compte-dans-un-plan-de-prevention-des-risques-yzeron/,a0901276-1ad6-4715-97e0-026efdadc028,n_enjeu_pprn_20070002_l_069.tab (export GeoJSON),2020-01-24T12:52:58.555000,wrong-file-format,,3 - search request,False,False,False,False,False,,,False,False,False
5a09a1f6c751df22202b270e,enjeux-lineaires-pris-en-compte-dans-un-plan-de-prevention-des-risques-yzeron,https://www.data.gouv.fr/fr/datasets/enjeux-lineaires-pris-en-compte-dans-un-plan-de-prevention-des-risques-yzeron/,88b9ff99-9cc9-4208-9ecf-4638e7f8fa2e,n_enjeu_pprn_20070002_l_069.shp (export SHP/WGS-84),2020-01-24T12:52:58.554000,wrong-file-format,,3 - search request,False,False,False,False,False,,,False,False,False
57868f09a3a7295d371add47,emplacements-reserves-au-benefice-du-departement-pour-voirie-et-equipements-publics,https://www.data.gouv.fr/fr/datasets/emplacements-reserves-au-benefice-du-departement-pour-voirie-et-equipements-publics/,be9c0b22-8810-462a-8baf-769365d2ce00,Export au format CSV,2016-12-21T23:00:00,,hauts-de-seine-le-departement,3 - search request,False,False,False,False,False,,,False,False,False
57868f09a3a7295d371add47,emplacements-reserves-au-benefice-du-departement-pour-voirie-et-equipements-publics,https://www.data.gouv.fr/fr/datasets/emplacements-reserves-au-benefice-du-departement-pour-voirie-et-equipements-publics/,8fe4e52e-ca3d-49ad-a68a-34e27d0a9dff,Export au format JSON,2016-12-21T23:00:00,wrong-file-format,,3 - search request,False,False,False,False,False,,,False,False,False
57868f09a3a7295d371add47,emplacements-reserves-au-benefice-du-departement-pour-voirie-et-equipements-publics,https://www.data.gouv.fr/fr/datasets/emplacements-reserves-au-benefice-du-departement-pour-voirie-et-equipements-publics/,69443fa5-ffe4-4352-b2ac-53c7429e1373,Export au format GeoJSON,2016-12-21T23:00:00,wrong-file-format,,3 - search request,False,False,False,False,False,,,False,False,False
57868f09a3a7295d371add47,emplacements-reserves-au-benefice-du-departement-pour-voirie-et-equipements-publics,https://www.data.gouv.fr/fr/datasets/emplacements-reserves-au-benefice-du-departement-pour-voirie-et-equipements-publics/,7c26ff92-ac49-423d-ad5a-7f08f57b01e2,Export au format Shapefile,2016-12-21T23:00:00,wrong-file-format,,3 - search request,False,False,False,False,False,,,False,False,False
57868f09a3a7295d371add47,emplacements-reserves-au-benefice-du-departement-pour-voirie-et-equipements-publics,https://www.data.gouv.fr/fr/datasets/emplacements-reserves-au-benefice-du-departement-pour-voirie-et-equipements-publics/,e68ee556-e225-4c16-80fb-b7615d9c9ca0,Export au format CSV,2017-10-15T22:00:00,,hauts-de-seine-le-departement,3 - search request,False,False,False,False,False,,,False,False,False
57868f09a3a7295d371add47,emplacements-reserves-au-benefice-du-departement-pour-voirie-et-equipements-publics,https://www.data.gouv.fr/fr/datasets/emplacements-reserves-au-benefice-du-departement-pour-voirie-et-equipements-publics/,fac7134b-b88a-4c10-9009-ee2abcadc44a,Export au format JSON,2017-10-15T22:00:00,wrong-file-format,,3 - search request,False,False,False,False,False,,,False,False,False
57868f09a3a7295d371add47,emplacements-reserves-au-benefice-du-departement-pour-voirie-et-equipements-publics,https://www.data.gouv.fr/fr/datasets/emplacements-reserves-au-benefice-du-departement-pour-voirie-et-equipements-publics/,2ed91b36-3bc3-4537-ace5-1cab732ff197,Export au format GeoJSON,2017-10-15T22:00:00,wrong-file-format,,3 - search request,False,False,False,False,False,,,False,False,False
57868f09a3a7295d371add47,emplacements-reserves-au-benefice-du-departement-pour-voirie-et-equipements-publics,https://www.data.gouv.fr/fr/datasets/emplacements-reserves-au-benefice-du-departement-pour-voirie-et-equipements-publics/,1b20be8f-8471-48d9-b18f-528afba6359f,Export au format Shapefile,2017-10-15T22:00:00,wrong-file-format,,3 - search request,False,False,False,False,False,,,False,False,False
5a09a1a3c751df1c9ee02d6e,enjeux-surfaciques-pris-en-compte-dans-un-plan-de-prevention-des-risques-yzeron,https://www.data.gouv.fr/fr/datasets/enjeux-surfaciques-pris-en-compte-dans-un-plan-de-prevention-des-risques-yzeron/,29c22561-cb2d-432b-8eb1-17591f347034,n_enjeu_pprn_20070002_s_069 (export GeoJSON),2020-01-24T12:53:05.793000,wrong-file-format,,3 - search request,False,False,False,False,False,,,False,False,False
5a09a1a3c751df1c9ee02d6e,enjeux-surfaciques-pris-en-compte-dans-un-plan-de-prevention-des-risques-yzeron,https://www.data.gouv.fr/fr/datasets/enjeux-surfaciques-pris-en-compte-dans-un-plan-de-prevention-des-risques-yzeron/,546d28f4-5301-4dab-baa5-1cd0d0316831,n_enjeu_pprn_20070002_s_069 (export SHP/WGS-84),2020-01-24T12:53:05.793000,wrong-file-format,,3 - search request,False,False,False,False,False,,,False,False,False
5a09a18488ee382e5cd4b74a,enjeux-ponctuels-pris-en-compte-dans-un-plan-de-prevention-des-risques-azergues,https://www.data.gouv.fr/fr/datasets/enjeux-ponctuels-pris-en-compte-dans-un-plan-de-prevention-des-risques-azergues/,82c6b55b-3641-42e6-98c1-b4ad386980ab,n_enjeu_pprn_20030004_p_069.tab (archive),2020-01-24T12:53:07.981000,wrong-file-format,,3 - search request,False,False,False,False,False,,,False,False,False
5a09a18488ee382e5cd4b74a,enjeux-ponctuels-pris-en-compte-dans-un-plan-de-prevention-des-risques-azergues,https://www.data.gouv.fr/fr/datasets/enjeux-ponctuels-pris-en-compte-dans-un-plan-de-prevention-des-risques-azergues/,cf7d0290-78e7-4509-8bfb-e397dec9ab0f,n_enjeu_pprn_20030004_p_069.tab (export GeoJSON),2020-01-24T12:53:07.982000,wrong-file-format,,3 - search request,False,False,False,False,False,,,False,False,False
5a09a18488ee382e5cd4b74a,enjeux-ponctuels-pris-en-compte-dans-un-plan-de-prevention-des-risques-azergues,https://www.data.gouv.fr/fr/datasets/enjeux-ponctuels-pris-en-compte-dans-un-plan-de-prevention-des-risques-azergues/,c8e6fbcd-7705-4078-a3ca-6dccc71b5809,n_enjeu_pprn_20030004_p_069.tab (export SHP/WGS-84),2020-01-24T12:53:07.982000,wrong-file-format,,3 - search request,False,False,False,False,False,,,False,False,False
5a09a18488ee382e5cd4b74a,enjeux-ponctuels-pris-en-compte-dans-un-plan-de-prevention-des-risques-azergues,https://www.data.gouv.fr/fr/datasets/enjeux-ponctuels-pris-en-compte-dans-un-plan-de-prevention-des-risques-azergues/,667892ab-de81-4c40-85de-831f19a262b2,2015_01_22_CONDITIONS_MAD_UTI_DONNEES.pdf,2020-01-24T12:53:07.983000,wrong-file-format,,3 - search request,False,False,False,False,False,,,False,False,False
5a09a18488ee382e5cd4b74a,enjeux-ponctuels-pris-en-compte-dans-un-plan-de-prevention-des-risques-azergues,https://www.data.gouv.fr/fr/datasets/enjeux-ponctuels-pris-en-compte-dans-un-plan-de-prevention-des-risques-azergues/,0262c4d7-0116-453f-a788-88502227f932,Service_de_telechargement_simple_de_DtARA__flux_ATOM.pdf,2020-01-24T12:53:07.984000,wrong-file-format,,3 - search request,False,False,False,False,False,,,False,False,False
5a09a18488ee382e5cd4b74a,enjeux-ponctuels-pris-en-compte-dans-un-plan-de-prevention-des-risques-azergues,https://www.data.gouv.fr/fr/datasets/enjeux-ponctuels-pris-en-compte-dans-un-plan-de-prevention-des-risques-azergues/,f4e46c02-8c7d-46a3-b88b-b313407aea05,Service_WMS_de_DtARA.pdf,2020-01-24T12:53:07.984000,wrong-file-format,,3 - search request,False,False,False,False,False,,,False,False,False
5a09a18488ee382e5cd4b74a,enjeux-ponctuels-pris-en-compte-dans-un-plan-de-prevention-des-risques-azergues,https://www.data.gouv.fr/fr/datasets/enjeux-ponctuels-pris-en-compte-dans-un-plan-de-prevention-des-risques-azergues/,b3a2d598-bb85-4bd6-b2a9-5336794d347f,Portail_cartographique_de_la_Direction_departementale_des_territoires_Haute_Loire___43.pdf,2020-01-24T12:53:07.985000,wrong-file-format,,3 - search request,False,False,False,False,False,,,False,False,False
5a09a18488ee382e5cd4b74a,enjeux-ponctuels-pris-en-compte-dans-un-plan-de-prevention-des-risques-azergues,https://www.data.gouv.fr/fr/datasets/enjeux-ponctuels-pris-en-compte-dans-un-plan-de-prevention-des-risques-azergues/,48255e9b-c905-429b-904d-d2ad6d4b9e27,Service_WFS_de_DtARA.pdf,2020-01-24T12:53:07.986000,wrong-file-format,,3 - search request,False,False,False,False,False,,,False,False,False
5a09a18488ee382e5cd4b74a,enjeux-ponctuels-pris-en-compte-dans-un-plan-de-prevention-des-risques-azergues,https://www.data.gouv.fr/fr/datasets/enjeux-ponctuels-pris-en-compte-dans-un-plan-de-prevention-des-risques-azergues/,a1b547c0-a22a-4315-a8ba-cd7d425ab434,Enjeux_ponctuels_pris_en_compte_dans_un_plan_de_prevention_des_risques___AZERGUES.pdf,2020-01-24T12:53:07.986000,wrong-file-format,,3 - search request,False,False,False,False,False,,,False,False,False
5a09a18488ee382e5cd4b74a,enjeux-ponctuels-pris-en-compte-dans-un-plan-de-prevention-des-risques-azergues,https://www.data.gouv.fr/fr/datasets/enjeux-ponctuels-pris-en-compte-dans-un-plan-de-prevention-des-risques-azergues/,058f1865-009d-4fe8-9349-ffee442d1434,Zone_de_revitalisation_rurale_ZRR___Haute_Loire.pdf,2020-01-24T12:53:07.987000,wrong-file-format,,3 - search request,False,False,False,False,False,,,False,False,False
5a09a18488ee382e5cd4b74a,enjeux-ponctuels-pris-en-compte-dans-un-plan-de-prevention-des-risques-azergues,https://www.data.gouv.fr/fr/datasets/enjeux-ponctuels-pris-en-compte-dans-un-plan-de-prevention-des-risques-azergues/,7d9a234a-f710-4cdc-a471-1a81017e778c,catalogue_dattributs.pdf,2020-01-24T12:53:07.987000,wrong-file-format,,3 - search request,False,False,False,False,False,,,False,False,False
5a09a18488ee382e5cd4b74a,enjeux-ponctuels-pris-en-compte-dans-un-plan-de-prevention-des-risques-azergues,https://www.data.gouv.fr/fr/datasets/enjeux-ponctuels-pris-en-compte-dans-un-plan-de-prevention-des-risques-azergues/,d6b76062-fa2d-4663-b40c-66ec9695b64a,Donnees_produites_par_le_SIG_Directive_inondation_du_territoire_a_risque_dinondation_du_Puy_en_Velay___Iso_classe_de_hauteur_relative_a_une_crue_trentennale.pdf,2020-01-24T12:53:07.988000,wrong-file-format,,3 - search request,False,False,False,False,False,,,False,False,False
5a09a18488ee382e5cd4b74a,enjeux-ponctuels-pris-en-compte-dans-un-plan-de-prevention-des-risques-azergues,https://www.data.gouv.fr/fr/datasets/enjeux-ponctuels-pris-en-compte-dans-un-plan-de-prevention-des-risques-azergues/,6d0b3b63-57d2-4c57-bfe0-6287cdb0e099,n_enjeu_pprn_20030004_p_069 (export GeoJSON),2020-01-24T12:53:07.989000,wrong-file-format,,3 - search request,False,False,False,False,False,,,False,False,False
5a09a18488ee382e5cd4b74a,enjeux-ponctuels-pris-en-compte-dans-un-plan-de-prevention-des-risques-azergues,https://www.data.gouv.fr/fr/datasets/enjeux-ponctuels-pris-en-compte-dans-un-plan-de-prevention-des-risques-azergues/,60ea4b81-8a25-4ea4-84b4-ee7f7e6fe251,n_enjeu_pprn_20030004_p_069 (export SHP/WGS-84),2020-01-24T12:53:07.989000,wrong-file-format,,3 - search request,False,False,False,False,False,,,False,False,False
5a09a184c751df1c9ee02d6c,enjeux-lineaires-pris-en-compte-dans-un-plan-de-prevention-des-risques-ozon,https://www.data.gouv.fr/fr/datasets/enjeux-lineaires-pris-en-compte-dans-un-plan-de-prevention-des-risques-ozon/,274bec62-5a66-497a-800f-c551b537b3df,n_enjeu_pprn_19980002_l_069.shp (archive),2020-01-24T12:53:08.471000,wrong-file-format,,3 - search request,False,False,False,False,False,,,False,False,False
5a09a184c751df1c9ee02d6c,enjeux-lineaires-pris-en-compte-dans-un-plan-de-prevention-des-risques-ozon,https://www.data.gouv.fr/fr/datasets/enjeux-lineaires-pris-en-compte-dans-un-plan-de-prevention-des-risques-ozon/,3d273e30-062f-46a3-bcf1-751616e3b0d5,n_enjeu_pprn_19980002_l_069.shp (export GeoJSON),2020-01-24T12:53:08.472000,wrong-file-format,,3 - search request,False,False,False,False,False,,,False,False,False
5a09a184c751df1c9ee02d6c,enjeux-lineaires-pris-en-compte-dans-un-plan-de-prevention-des-risques-ozon,https://www.data.gouv.fr/fr/datasets/enjeux-lineaires-pris-en-compte-dans-un-plan-de-prevention-des-risques-ozon/,23f6d146-bf64-4afb-8cc5-c096a7747bf4,n_enjeu_pprn_19980002_l_069.shp (export SHP/WGS-84),2020-01-24T12:53:08.473000,wrong-file-format,,3 - search request,False,False,False,False,False,,,False,False,False
5d046fc19ce2e75addda144b,stationnement-velo-en-ile-de-france-1,https://www.data.gouv.fr/fr/datasets/stationnement-velo-en-ile-de-france-1/,587fbae5-3b88-44d3-8099-2f4a3304ec04,metadonnees_stationnement_velo_en_Ile-de-France.pdf,2019-06-14T16:33:26,wrong-file-format,,3 - search request,False,False,False,False,False,,,False,False,False
5a09a184c751df1c9ee02d6c,enjeux-lineaires-pris-en-compte-dans-un-plan-de-prevention-des-risques-ozon,https://www.data.gouv.fr/fr/datasets/enjeux-lineaires-pris-en-compte-dans-un-plan-de-prevention-des-risques-ozon/,43f9d76d-fd08-4fe0-9ffa-7a305a1d55dd,n_enjeu_pprn_19980002_l_069.tab (archive),2020-01-24T12:53:08.473000,wrong-file-format,,3 - search request,False,False,False,False,False,,,False,False,False
5d046fc19ce2e75addda144b,stationnement-velo-en-ile-de-france-1,https://www.data.gouv.fr/fr/datasets/stationnement-velo-en-ile-de-france-1/,09d83c55-9fa6-4a48-a751-14329d516619,Export au format Shapefile,2019-06-14T16:33:26,wrong-file-format,,3 - search request,False,False,False,False,False,,,False,False,False
5d046fc19ce2e75addda144b,stationnement-velo-en-ile-de-france-1,https://www.data.gouv.fr/fr/datasets/stationnement-velo-en-ile-de-france-1/,9b0ffd45-979c-4600-9f9f-853bc7f5b466,Export au format JSON,2019-06-14T16:33:26,wrong-file-format,,3 - search request,False,False,False,False,False,,,False,False,False
6063bc8068ff117af42817c3,le-reseau-cyclable-a-argenteuil-cartographie-interactive,https://www.data.gouv.fr/fr/datasets/le-reseau-cyclable-a-argenteuil-cartographie-interactive/,f429d3ff-a7bc-4df7-837f-f816fc33bbd4,ArcGIS GeoService,2021-03-31T02:04:16.138000,wrong-file-format,,3 - search request,False,False,False,False,False,,,False,False,False
5ebe141edacc9538f3233919,stationnement-velo-en-ile-de-france-2,https://www.data.gouv.fr/fr/datasets/stationnement-velo-en-ile-de-france-2/,26c25af8-61ec-4326-98c2-826f201b2826,Export au format CSV,2020-02-12T16:40:15,,region-ile-de-france,3 - search request,False,False,False,False,False,,,False,False,False
5ebe141edacc9538f3233919,stationnement-velo-en-ile-de-france-2,https://www.data.gouv.fr/fr/datasets/stationnement-velo-en-ile-de-france-2/,25da55b2-d1c4-4700-9fd7-f59d3c728f69,Export au format JSON,2020-02-12T16:40:15,wrong-file-format,,3 - search request,False,False,False,False,False,,,False,False,False
5ebe141edacc9538f3233919,stationnement-velo-en-ile-de-france-2,https://www.data.gouv.fr/fr/datasets/stationnement-velo-en-ile-de-france-2/,1df35871-7d58-4210-be26-fc9c3c8415c1,Export au format GeoJSON,2020-02-12T16:40:15,wrong-file-format,,3 - search request,False,False,False,False,False,,,False,False,False
5ebe141edacc9538f3233919,stationnement-velo-en-ile-de-france-2,https://www.data.gouv.fr/fr/datasets/stationnement-velo-en-ile-de-france-2/,83235a6d-efe5-454e-854b-db6d453ea69e,Export au format Shapefile,2020-02-12T16:40:15,wrong-file-format,,3 - search request,False,False,False,False,False,,,False,False,False
5ebe141edacc9538f3233919,stationnement-velo-en-ile-de-france-2,https://www.data.gouv.fr/fr/datasets/stationnement-velo-en-ile-de-france-2/,a6a467b7-dde9-40f8-98ac-8ea7fdf9ae00,metadonnees_stationnement_velo_en_Ile-de-France.pdf,2020-02-12T16:40:15,wrong-file-format,,3 - search request,False,False,False,False,False,,,False,False,False
5fb2a8e77668fb307c89c211,argenteuil-geo-open-data,https://www.data.gouv.fr/fr/datasets/argenteuil-geo-open-data/,fa98eb89-4430-4b03-aa2c-120102217994,ArcGIS Hub Dataset,2020-11-16T17:29:27.607000,wrong-file-format,,3 - search request,False,False,False,False,False,,,False,False,False
5fb2a8e77668fb307c89c211,argenteuil-geo-open-data,https://www.data.gouv.fr/fr/datasets/argenteuil-geo-open-data/,6c5b5ac5-2c5d-4867-992d-c0797fc23319,ArcGIS GeoService,2020-11-16T17:29:27.608000,wrong-file-format,,3 - search request,False,False,False,False,False,,,False,False,False
5cb1684b9ce2e7647bbc889b,plan-de-voirie-pistes-cyclables-et-couloirs-de-bus,https://www.data.gouv.fr/fr/datasets/plan-de-voirie-pistes-cyclables-et-couloirs-de-bus/,7324a088-9478-466d-a7bf-13b96250fbdf,Export au format CSV,2021-06-10T07:06:52,,mairie-de-paris,3 - search request,False,False,False,False,False,,,False,False,False
5cb1684b9ce2e7647bbc889b,plan-de-voirie-pistes-cyclables-et-couloirs-de-bus,https://www.data.gouv.fr/fr/datasets/plan-de-voirie-pistes-cyclables-et-couloirs-de-bus/,3202e2af-ea1b-4b47-a1be-e428a7af0852,Export au format JSON,2021-06-10T07:06:52,wrong-file-format,,3 - search request,False,False,False,False,False,,,False,False,False
5cb1684b9ce2e7647bbc889b,plan-de-voirie-pistes-cyclables-et-couloirs-de-bus,https://www.data.gouv.fr/fr/datasets/plan-de-voirie-pistes-cyclables-et-couloirs-de-bus/,7df7e9f7-7488-40e6-8091-070ff0d0327a,Export au format GeoJSON,2021-06-10T07:06:52,wrong-file-format,,3 - search request,False,False,False,False,False,,,False,False,False
5cb1684b9ce2e7647bbc889b,plan-de-voirie-pistes-cyclables-et-couloirs-de-bus,https://www.data.gouv.fr/fr/datasets/plan-de-voirie-pistes-cyclables-et-couloirs-de-bus/,de74d8fe-c314-4d67-808c-3c1bc9e6fdda,Export au format Shapefile,2021-06-10T07:06:52,wrong-file-format,,3 - search request,False,False,False,False,False,,,False,False,False
5cb1684b9ce2e7647bbc889b,plan-de-voirie-pistes-cyclables-et-couloirs-de-bus,https://www.data.gouv.fr/fr/datasets/plan-de-voirie-pistes-cyclables-et-couloirs-de-bus/,882dabde-11f1-4eba-835d-b45f1ea7d7d3,Plan_Voirie_Paris_Cahier_Des_Normes_PartieB_20110512.pdf,2021-06-10T07:06:52,wrong-file-format,,3 - search request,False,False,False,False,False,,,False,False,False
5e14045ddee7e7670a75d9af,amenagements-cyclables-2,https://www.data.gouv.fr/fr/datasets/amenagements-cyclables-2/,e5ee69a9-2e74-42d3-9ba2-8634a13bd370,Export au format CSV,2020-01-06T09:02:20.129000,,hauts-de-seine-le-departement,3 - search request,False,False,False,False,False,,,False,False,False
5e14045ddee7e7670a75d9af,amenagements-cyclables-2,https://www.data.gouv.fr/fr/datasets/amenagements-cyclables-2/,3d8d501f-ec58-4236-95bc-c9ac04d2dcba,Export au format JSON,2020-01-06T09:02:20.129000,wrong-file-format,,3 - search request,False,False,False,False,False,,,False,False,False
5e14045ddee7e7670a75d9af,amenagements-cyclables-2,https://www.data.gouv.fr/fr/datasets/amenagements-cyclables-2/,249398f3-a3e8-43a2-b6ee-bb3921e50f46,Export au format GeoJSON,2020-01-06T09:02:20.129000,wrong-file-format,,3 - search request,False,False,False,False,False,,,False,False,False
5e14045ddee7e7670a75d9af,amenagements-cyclables-2,https://www.data.gouv.fr/fr/datasets/amenagements-cyclables-2/,f19fd10f-5363-409f-8ccc-e5094e86763b,Export au format Shapefile,2020-01-06T09:02:20.129000,wrong-file-format,,3 - search request,False,False,False,False,False,,,False,False,False
59590ceda3a7291dcf9c7ffa,reseau-des-itineraires-cyclables,https://www.data.gouv.fr/fr/datasets/reseau-des-itineraires-cyclables/,1211e838-4b77-4ee4-9567-03d78d55f0bf,Export au format CSV,2021-07-04T10:20:05,,mairie-de-paris,3 - search request,False,False,False,False,False,,,False,False,False
59590ceda3a7291dcf9c7ffa,reseau-des-itineraires-cyclables,https://www.data.gouv.fr/fr/datasets/reseau-des-itineraires-cyclables/,031691fd-6b2e-4fa1-926f-266c750bf23f,Export au format JSON,2021-07-04T10:20:05,wrong-file-format,,3 - search request,False,False,False,False,False,,,False,False,False
59590ceda3a7291dcf9c7ffa,reseau-des-itineraires-cyclables,https://www.data.gouv.fr/fr/datasets/reseau-des-itineraires-cyclables/,187484db-7f58-41a8-b6f6-d915ad7107fe,Export au format GeoJSON,2021-07-04T10:20:05,wrong-file-format,,3 - search request,False,False,False,False,False,,,False,False,False
59590ceda3a7291dcf9c7ffa,reseau-des-itineraires-cyclables,https://www.data.gouv.fr/fr/datasets/reseau-des-itineraires-cyclables/,d127d156-169a-4587-9247-fcdd42fbf527,Export au format Shapefile,2021-07-04T10:20:05,wrong-file-format,,3 - search request,False,False,False,False,False,,,False,False,False
5c5911e906e3e7246e232bba,stationnement-velo-en-ile-de-france,https://www.data.gouv.fr/fr/datasets/stationnement-velo-en-ile-de-france/,94dcd8ca-8400-4f8e-a738-ffacce19bb42,Export au format CSV,2021-03-10T14:59:41,,ile-de-france-mobilites,3 - search request,False,False,False,False,False,,,False,False,False
5c5911e906e3e7246e232bba,stationnement-velo-en-ile-de-france,https://www.data.gouv.fr/fr/datasets/stationnement-velo-en-ile-de-france/,5597f04f-bad6-4b8f-84a8-72e405d4e0cc,Export au format JSON,2021-03-10T14:59:41,wrong-file-format,,3 - search request,False,False,False,False,False,,,False,False,False
5c5911e906e3e7246e232bba,stationnement-velo-en-ile-de-france,https://www.data.gouv.fr/fr/datasets/stationnement-velo-en-ile-de-france/,c6de4da1-ac94-45fd-837a-5459c69ed733,Export au format GeoJSON,2021-03-10T14:59:41,wrong-file-format,,3 - search request,False,False,False,False,False,,,False,False,False
5c5911e906e3e7246e232bba,stationnement-velo-en-ile-de-france,https://www.data.gouv.fr/fr/datasets/stationnement-velo-en-ile-de-france/,724a4bcf-1a63-4a7c-8510-ef8ae8155c11,Export au format Shapefile,2021-03-10T14:59:41,wrong-file-format,,3 - search request,False,False,False,False,False,,,False,False,False
5c5911e906e3e7246e232bba,stationnement-velo-en-ile-de-france,https://www.data.gouv.fr/fr/datasets/stationnement-velo-en-ile-de-france/,8202b994-1be6-40ab-ad64-7bd5d7217f85,metadonnees_stationnement_velo_en_Ile-de-France.pdf,2021-03-10T14:59:41,wrong-file-format,,3 - search request,False,False,False,False,False,,,False,False,False
5d046fc19ce2e75addda144b,stationnement-velo-en-ile-de-france-1,https://www.data.gouv.fr/fr/datasets/stationnement-velo-en-ile-de-france-1/,e9872b5c-e834-422d-9f04-0c0ebb0d4e59,Export au format CSV,2019-06-14T16:33:26,,region-ile-de-france,3 - search request,False,False,False,False,False,,,False,False,False
5d046fc19ce2e75addda144b,stationnement-velo-en-ile-de-france-1,https://www.data.gouv.fr/fr/datasets/stationnement-velo-en-ile-de-france-1/,095bb6ec-99bd-40ce-826a-0c0acbe18b23,Export au format GeoJSON,2019-06-14T16:33:26,wrong-file-format,,3 - search request,False,False,False,False,False,,,False,False,False
5a09a1f6c751df22202b270e,enjeux-lineaires-pris-en-compte-dans-un-plan-de-prevention-des-risques-yzeron,https://www.data.gouv.fr/fr/datasets/enjeux-lineaires-pris-en-compte-dans-un-plan-de-prevention-des-risques-yzeron/,d38717c6-d17e-41ad-8514-bec583c35a3d,n_enjeu_pprn_20070002_l_069.tab (archive),2020-01-24T12:52:58.554000,wrong-file-format,,3 - search request,False,False,False,False,False,,,False,False,False
5a09a184c751df1c9ee02d6c,enjeux-lineaires-pris-en-compte-dans-un-plan-de-prevention-des-risques-ozon,https://www.data.gouv.fr/fr/datasets/enjeux-lineaires-pris-en-compte-dans-un-plan-de-prevention-des-risques-ozon/,0786575c-7cd5-4eb9-976b-fbdf279c0fd7,n_enjeu_pprn_19980002_l_069.tab (export GeoJSON),2020-01-24T12:53:08.475000,wrong-file-format,,3 - search request,False,False,False,False,False,,,False,False,False
5a09a184c751df1c9ee02d6c,enjeux-lineaires-pris-en-compte-dans-un-plan-de-prevention-des-risques-ozon,https://www.data.gouv.fr/fr/datasets/enjeux-lineaires-pris-en-compte-dans-un-plan-de-prevention-des-risques-ozon/,fa56c4f1-7166-4904-8316-bdfe9d236869,Enjeux_lineaires_pris_en_compte_dans_un_plan_de_prevention_des_risques___OZON.pdf,2020-01-24T12:53:08.477000,wrong-file-format,,3 - search request,False,False,False,False,False,,,False,False,False
5a09a198c751df1c82537c7d,enjeux-ponctuels-pris-en-compte-dans-un-plan-de-prevention-des-risques-saone-amont,https://www.data.gouv.fr/fr/datasets/enjeux-ponctuels-pris-en-compte-dans-un-plan-de-prevention-des-risques-saone-amont/,b7b06293-8b2d-4e3f-9f87-48d3b5eb7881,n_enjeu_pprn_20120002_p_069 (export SHP/WGS-84),2020-01-24T12:53:06.782000,wrong-file-format,,3 - search request,False,False,False,False,False,,,False,False,False
5a09a19188ee382e5cd4b74b,enjeux-lineaires-pris-en-compte-dans-un-plan-de-prevention-des-risques-saone-moyen,https://www.data.gouv.fr/fr/datasets/enjeux-lineaires-pris-en-compte-dans-un-plan-de-prevention-des-risques-saone-moyen/,0fa5e7b9-9bca-4552-969b-e4e00064c340,n_enjeu_pprn_20120003_l_069.shp (archive),2020-01-24T12:53:07.187000,wrong-file-format,,3 - search request,False,False,False,False,False,,,False,False,False
5a09a19188ee382e5cd4b74b,enjeux-lineaires-pris-en-compte-dans-un-plan-de-prevention-des-risques-saone-moyen,https://www.data.gouv.fr/fr/datasets/enjeux-lineaires-pris-en-compte-dans-un-plan-de-prevention-des-risques-saone-moyen/,b5e8fb44-f537-4b7b-aa9e-b02bbbb7edfd,n_enjeu_pprn_20120003_l_069.shp (export GeoJSON),2020-01-24T12:53:07.187000,wrong-file-format,,3 - search request,False,False,False,False,False,,,False,False,False
5a09a19188ee382e5cd4b74b,enjeux-lineaires-pris-en-compte-dans-un-plan-de-prevention-des-risques-saone-moyen,https://www.data.gouv.fr/fr/datasets/enjeux-lineaires-pris-en-compte-dans-un-plan-de-prevention-des-risques-saone-moyen/,6cda02af-ccb4-4c51-a068-05ff245a6b57,n_enjeu_pprn_20120003_l_069.shp (export SHP/WGS-84),2020-01-24T12:53:07.188000,wrong-file-format,,3 - search request,False,False,False,False,False,,,False,False,False
5a09a19188ee382e5cd4b74b,enjeux-lineaires-pris-en-compte-dans-un-plan-de-prevention-des-risques-saone-moyen,https://www.data.gouv.fr/fr/datasets/enjeux-lineaires-pris-en-compte-dans-un-plan-de-prevention-des-risques-saone-moyen/,77efd9fe-ec0a-458d-b8e4-6ab86a32880f,Enjeux_lineaires_pris_en_compte_dans_un_plan_de_prevention_des_risques___SAONE_MOYEN.pdf,2020-01-24T12:53:07.189000,wrong-file-format,,3 - search request,False,False,False,False,False,,,False,False,False
5a09a19188ee382e5cd4b74b,enjeux-lineaires-pris-en-compte-dans-un-plan-de-prevention-des-risques-saone-moyen,https://www.data.gouv.fr/fr/datasets/enjeux-lineaires-pris-en-compte-dans-un-plan-de-prevention-des-risques-saone-moyen/,f5cf9d5b-ed76-43cf-8fd8-51018f0f9b6d,2015_01_22_CONDITIONS_MAD_UTI_DONNEES.pdf,2020-01-24T12:53:07.189000,wrong-file-format,,3 - search request,False,False,False,False,False,,,False,False,False
5a09a19188ee382e5cd4b74b,enjeux-lineaires-pris-en-compte-dans-un-plan-de-prevention-des-risques-saone-moyen,https://www.data.gouv.fr/fr/datasets/enjeux-lineaires-pris-en-compte-dans-un-plan-de-prevention-des-risques-saone-moyen/,351b9502-d465-4986-b446-012c68d807f6,Service_WMS_de_DtARA.pdf,2020-01-24T12:53:07.190000,wrong-file-format,,3 - search request,False,False,False,False,False,,,False,False,False
5a09a19188ee382e5cd4b74b,enjeux-lineaires-pris-en-compte-dans-un-plan-de-prevention-des-risques-saone-moyen,https://www.data.gouv.fr/fr/datasets/enjeux-lineaires-pris-en-compte-dans-un-plan-de-prevention-des-risques-saone-moyen/,47b33eb2-522c-4d53-a5fb-121838672368,catalogue_dattributs.pdf,2020-01-24T12:53:07.191000,wrong-file-format,,3 - search request,False,False,False,False,False,,,False,False,False
5a09a19188ee382e5cd4b74b,enjeux-lineaires-pris-en-compte-dans-un-plan-de-prevention-des-risques-saone-moyen,https://www.data.gouv.fr/fr/datasets/enjeux-lineaires-pris-en-compte-dans-un-plan-de-prevention-des-risques-saone-moyen/,221ec8dd-4f5e-4738-81fd-23a1e236d42d,Service_de_telechargement_simple_de_DtARA__flux_ATOM.pdf,2020-01-24T12:53:07.191000,wrong-file-format,,3 - search request,False,False,False,False,False,,,False,False,False
5a09a19188ee382e5cd4b74b,enjeux-lineaires-pris-en-compte-dans-un-plan-de-prevention-des-risques-saone-moyen,https://www.data.gouv.fr/fr/datasets/enjeux-lineaires-pris-en-compte-dans-un-plan-de-prevention-des-risques-saone-moyen/,86c7d5fb-a564-42b8-8674-23521c2cede1,n_enjeu_pprn_20120003_l_069 (export GeoJSON),2020-01-24T12:53:07.192000,wrong-file-format,,3 - search request,False,False,False,False,False,,,False,False,False
5a09a19188ee382e5cd4b74b,enjeux-lineaires-pris-en-compte-dans-un-plan-de-prevention-des-risques-saone-moyen,https://www.data.gouv.fr/fr/datasets/enjeux-lineaires-pris-en-compte-dans-un-plan-de-prevention-des-risques-saone-moyen/,dc522d9c-cc63-4d86-882f-76c149b4870f,n_enjeu_pprn_20120003_l_069 (export SHP/WGS-84),2020-01-24T12:53:07.192000,wrong-file-format,,3 - search request,False,False,False,False,False,,,False,False,False
5a09a19088ee3832007f45d9,enjeux-surfaciques-ppr-garon-global-rhone,https://www.data.gouv.fr/fr/datasets/enjeux-surfaciques-ppr-garon-global-rhone/,62853f71-f405-4d2c-b270-d8a628a1605b,n_enjeu_pprn_20130001_s_069.tab (archive),2020-01-24T12:53:07.387000,wrong-file-format,,3 - search request,False,False,False,False,False,,,False,False,False
5a09a19088ee3832007f45d9,enjeux-surfaciques-ppr-garon-global-rhone,https://www.data.gouv.fr/fr/datasets/enjeux-surfaciques-ppr-garon-global-rhone/,48fed3c8-21a0-4b6b-b734-655166074eac,n_enjeu_pprn_20130001_s_069.tab (export GeoJSON),2020-01-24T12:53:07.388000,wrong-file-format,,3 - search request,False,False,False,False,False,,,False,False,False
5a09a19088ee3832007f45d9,enjeux-surfaciques-ppr-garon-global-rhone,https://www.data.gouv.fr/fr/datasets/enjeux-surfaciques-ppr-garon-global-rhone/,fc4fc5df-c968-4b7e-8a66-4a8761091340,n_enjeu_pprn_20130001_s_069.tab (export SHP/WGS-84),2020-01-24T12:53:07.388000,wrong-file-format,,3 - search request,False,False,False,False,False,,,False,False,False
5a09a19088ee3832007f45d9,enjeux-surfaciques-ppr-garon-global-rhone,https://www.data.gouv.fr/fr/datasets/enjeux-surfaciques-ppr-garon-global-rhone/,2598ffcb-5123-4ead-940d-5ee92c16fbc6,2015_01_22_CONDITIONS_MAD_UTI_DONNEES.pdf,2020-01-24T12:53:07.390000,wrong-file-format,,3 - search request,False,False,False,False,False,,,False,False,False
5a09a19088ee3832007f45d9,enjeux-surfaciques-ppr-garon-global-rhone,https://www.data.gouv.fr/fr/datasets/enjeux-surfaciques-ppr-garon-global-rhone/,ed864962-2ca8-49d8-8693-ec5ef32fe3f8,Enjeux_surfaciques_PPR_GARON_GLOBAL___Rhone.pdf,2020-01-24T12:53:07.391000,wrong-file-format,,3 - search request,False,False,False,False,False,,,False,False,False
5a09a19088ee3832007f45d9,enjeux-surfaciques-ppr-garon-global-rhone,https://www.data.gouv.fr/fr/datasets/enjeux-surfaciques-ppr-garon-global-rhone/,917f1e1a-7bca-4057-8e4a-ca31f59b6ef1,Service_WMS_de_DtARA.pdf,2020-01-24T12:53:07.392000,wrong-file-format,,3 - search request,False,False,False,False,False,,,False,False,False
5a09a19088ee3832007f45d9,enjeux-surfaciques-ppr-garon-global-rhone,https://www.data.gouv.fr/fr/datasets/enjeux-surfaciques-ppr-garon-global-rhone/,dbd8ab06-6339-4037-8fb0-8b902b998cb1,catalogue_dattributs.pdf,2020-01-24T12:53:07.394000,wrong-file-format,,3 - search request,False,False,False,False,False,,,False,False,False
5a09a19088ee3832007f45d9,enjeux-surfaciques-ppr-garon-global-rhone,https://www.data.gouv.fr/fr/datasets/enjeux-surfaciques-ppr-garon-global-rhone/,591164a0-464e-410b-a239-bda313c1cce4,Service_de_telechargement_simple_de_DtARA__flux_ATOM.pdf,2020-01-24T12:53:07.395000,wrong-file-format,,3 - search request,False,False,False,False,False,,,False,False,False
5a09a19088ee3832007f45d9,enjeux-surfaciques-ppr-garon-global-rhone,https://www.data.gouv.fr/fr/datasets/enjeux-surfaciques-ppr-garon-global-rhone/,bc51067b-a43d-4c27-8c40-e33d8e4dd4b6,Service_WFS_de_DtARA.pdf,2020-01-24T12:53:07.396000,wrong-file-format,,3 - search request,False,False,False,False,False,,,False,False,False
5a09a19088ee3832007f45d9,enjeux-surfaciques-ppr-garon-global-rhone,https://www.data.gouv.fr/fr/datasets/enjeux-surfaciques-ppr-garon-global-rhone/,ed2ec018-6f0a-4501-af9e-1fdc5dd4d559,n_enjeu_pprn_20130001_s_069 (export GeoJSON),2020-01-24T12:53:07.397000,wrong-file-format,,3 - search request,False,False,False,False,False,,,False,False,False
5a09a19088ee3832007f45d9,enjeux-surfaciques-ppr-garon-global-rhone,https://www.data.gouv.fr/fr/datasets/enjeux-surfaciques-ppr-garon-global-rhone/,c5539dac-3a3a-4411-b091-d29c7c157e4c,n_enjeu_pprn_20130001_s_069 (export SHP/WGS-84),2020-01-24T12:53:07.398000,wrong-file-format,,3 - search request,False,False,False,False,False,,,False,False,False
5a09a200c751df1c82537c86,enjeux-ponctuels-pris-en-compte-dans-un-plan-de-prevention-des-risques-saone-aval,https://www.data.gouv.fr/fr/datasets/enjeux-ponctuels-pris-en-compte-dans-un-plan-de-prevention-des-risques-saone-aval/,292f605b-6023-4374-b2b1-5498fa649e74,2015_01_22_CONDITIONS_MAD_UTI_DONNEES.pdf,2020-01-24T12:52:57.864000,wrong-file-format,,3 - search request,False,False,False,False,False,,,False,False,False
5a09a200c751df1c82537c86,enjeux-ponctuels-pris-en-compte-dans-un-plan-de-prevention-des-risques-saone-aval,https://www.data.gouv.fr/fr/datasets/enjeux-ponctuels-pris-en-compte-dans-un-plan-de-prevention-des-risques-saone-aval/,25387ac9-a5e6-4542-a9d4-b7a4f91d2559,n_enjeu_pprn_20120004_p_069 (export GeoJSON),2020-01-24T12:52:57.864000,wrong-file-format,,3 - search request,False,False,False,False,False,,,False,False,False
5a09a200c751df1c82537c86,enjeux-ponctuels-pris-en-compte-dans-un-plan-de-prevention-des-risques-saone-aval,https://www.data.gouv.fr/fr/datasets/enjeux-ponctuels-pris-en-compte-dans-un-plan-de-prevention-des-risques-saone-aval/,0f66caa8-ed43-4203-8df4-bd39b5b5f79e,n_enjeu_pprn_20120004_p_069 (export SHP/WGS-84),2020-01-24T12:52:57.865000,wrong-file-format,,3 - search request,False,False,False,False,False,,,False,False,False
5a09a1f6c751df22202b270e,enjeux-lineaires-pris-en-compte-dans-un-plan-de-prevention-des-risques-yzeron,https://www.data.gouv.fr/fr/datasets/enjeux-lineaires-pris-en-compte-dans-un-plan-de-prevention-des-risques-yzeron/,946c8393-1116-4981-9232-067e13f563c4,n_enjeu_pprn_20070002_l_069.shp (archive),2020-01-24T12:52:58.552000,wrong-file-format,,3 - search request,False,False,False,False,False,,,False,False,False
5a09a1f6c751df22202b270e,enjeux-lineaires-pris-en-compte-dans-un-plan-de-prevention-des-risques-yzeron,https://www.data.gouv.fr/fr/datasets/enjeux-lineaires-pris-en-compte-dans-un-plan-de-prevention-des-risques-yzeron/,a62d0da1-5d5c-4d68-92bf-622c0c46990e,n_enjeu_pprn_20070002_l_069.shp (export GeoJSON),2020-01-24T12:52:58.553000,wrong-file-format,,3 - search request,False,False,False,False,False,,,False,False,False
5a09a198c751df1c82537c7d,enjeux-ponctuels-pris-en-compte-dans-un-plan-de-prevention-des-risques-saone-amont,https://www.data.gouv.fr/fr/datasets/enjeux-ponctuels-pris-en-compte-dans-un-plan-de-prevention-des-risques-saone-amont/,05cbc49f-1477-4caf-ac5c-229c662bf0d9,n_enjeu_pprn_20120002_p_069 (export GeoJSON),2020-01-24T12:53:06.781000,wrong-file-format,,3 - search request,False,False,False,False,False,,,False,False,False
5a09a184c751df1c9ee02d6c,enjeux-lineaires-pris-en-compte-dans-un-plan-de-prevention-des-risques-ozon,https://www.data.gouv.fr/fr/datasets/enjeux-lineaires-pris-en-compte-dans-un-plan-de-prevention-des-risques-ozon/,f336811a-c954-4966-b9d3-c49d832b393c,n_enjeu_pprn_19980002_l_069.tab (export SHP/WGS-84),2020-01-24T12:53:08.476000,wrong-file-format,,3 - search request,False,False,False,False,False,,,False,False,False
5a09a198c751df1c82537c7d,enjeux-ponctuels-pris-en-compte-dans-un-plan-de-prevention-des-risques-saone-amont,https://www.data.gouv.fr/fr/datasets/enjeux-ponctuels-pris-en-compte-dans-un-plan-de-prevention-des-risques-saone-amont/,a157b8bd-e3bd-4fc6-9378-4c81616f712b,Service_WMS_de_DtARA.pdf,2020-01-24T12:53:06.780000,wrong-file-format,,3 - search request,False,False,False,False,False,,,False,False,False
5a09a198c751df1c82537c7d,enjeux-ponctuels-pris-en-compte-dans-un-plan-de-prevention-des-risques-saone-amont,https://www.data.gouv.fr/fr/datasets/enjeux-ponctuels-pris-en-compte-dans-un-plan-de-prevention-des-risques-saone-amont/,62890ab5-b45f-46a2-aec8-9cf8373e187d,Enjeux_ponctuels_pris_en_compte_dans_un_plan_de_prevention_des_risques___SAONE_AMONT.pdf,2020-01-24T12:53:06.777000,wrong-file-format,,3 - search request,False,False,False,False,False,,,False,False,False
5a09a184c751df1c9ee02d6c,enjeux-lineaires-pris-en-compte-dans-un-plan-de-prevention-des-risques-ozon,https://www.data.gouv.fr/fr/datasets/enjeux-lineaires-pris-en-compte-dans-un-plan-de-prevention-des-risques-ozon/,a58df326-9d7b-479b-b300-8913146793f9,catalogue_dattributs.pdf,2020-01-24T12:53:08.478000,wrong-file-format,,3 - search request,False,False,False,False,False,,,False,False,False
5a09a184c751df1c9ee02d6c,enjeux-lineaires-pris-en-compte-dans-un-plan-de-prevention-des-risques-ozon,https://www.data.gouv.fr/fr/datasets/enjeux-lineaires-pris-en-compte-dans-un-plan-de-prevention-des-risques-ozon/,b2afffef-6ed7-4c80-8639-beaed95da42c,Service_WMS_de_DtARA.pdf,2020-01-24T12:53:08.479000,wrong-file-format,,3 - search request,False,False,False,False,False,,,False,False,False
5a09a184c751df1c9ee02d6c,enjeux-lineaires-pris-en-compte-dans-un-plan-de-prevention-des-risques-ozon,https://www.data.gouv.fr/fr/datasets/enjeux-lineaires-pris-en-compte-dans-un-plan-de-prevention-des-risques-ozon/,1ac6d885-8b21-4827-8836-dc856b834124,Service_WFS_de_DtARA.pdf,2020-01-24T12:53:08.485000,wrong-file-format,,3 - search request,False,False,False,False,False,,,False,False,False
5a09a184c751df1c9ee02d6c,enjeux-lineaires-pris-en-compte-dans-un-plan-de-prevention-des-risques-ozon,https://www.data.gouv.fr/fr/datasets/enjeux-lineaires-pris-en-compte-dans-un-plan-de-prevention-des-risques-ozon/,c5bcaec5-3a68-46e9-98ed-924019966ebe,Service_de_telechargement_simple_de_DtARA__flux_ATOM.pdf,2020-01-24T12:53:08.487000,wrong-file-format,,3 - search request,False,False,False,False,False,,,False,False,False
5a09a184c751df1c9ee02d6c,enjeux-lineaires-pris-en-compte-dans-un-plan-de-prevention-des-risques-ozon,https://www.data.gouv.fr/fr/datasets/enjeux-lineaires-pris-en-compte-dans-un-plan-de-prevention-des-risques-ozon/,48d29213-9d27-4e5a-9ec1-47f7ec470cce,2015_01_22_CONDITIONS_MAD_UTI_DONNEES.pdf,2020-01-24T12:53:08.488000,wrong-file-format,,3 - search request,False,False,False,False,False,,,False,False,False
5a09a184c751df1c9ee02d6c,enjeux-lineaires-pris-en-compte-dans-un-plan-de-prevention-des-risques-ozon,https://www.data.gouv.fr/fr/datasets/enjeux-lineaires-pris-en-compte-dans-un-plan-de-prevention-des-risques-ozon/,5c953c53-a3dc-4633-99f7-1bcc308ee145,n_enjeu_pprn_19980002_l_069 (export GeoJSON),2020-01-24T12:53:08.489000,wrong-file-format,,3 - search request,False,False,False,False,False,,,False,False,False
5a09a184c751df1c9ee02d6c,enjeux-lineaires-pris-en-compte-dans-un-plan-de-prevention-des-risques-ozon,https://www.data.gouv.fr/fr/datasets/enjeux-lineaires-pris-en-compte-dans-un-plan-de-prevention-des-risques-ozon/,e990bd41-a429-4b61-85f1-b0192bf32273,n_enjeu_pprn_19980002_l_069 (export SHP/WGS-84),2020-01-24T12:53:08.489000,wrong-file-format,,3 - search request,False,False,False,False,False,,,False,False,False
5a09a1f988ee383206099079,enjeux-ponctuels-pris-en-compte-dans-un-plan-de-prevention-des-risques-saone-moyen,https://www.data.gouv.fr/fr/datasets/enjeux-ponctuels-pris-en-compte-dans-un-plan-de-prevention-des-risques-saone-moyen/,4f9acb7d-47cd-4643-8a99-6b594ee88b73,n_enjeu_pprn_20120003_p_069.tab (archive),2020-01-24T12:52:58.284000,wrong-file-format,,3 - search request,False,False,False,False,False,,,False,False,False
5a09a1f988ee383206099079,enjeux-ponctuels-pris-en-compte-dans-un-plan-de-prevention-des-risques-saone-moyen,https://www.data.gouv.fr/fr/datasets/enjeux-ponctuels-pris-en-compte-dans-un-plan-de-prevention-des-risques-saone-moyen/,2c06f81d-9e7d-4250-b0bb-31d2c4949bef,n_enjeu_pprn_20120003_p_069.tab (export GeoJSON),2020-01-24T12:52:58.284000,wrong-file-format,,3 - search request,False,False,False,False,False,,,False,False,False
5a09a1f988ee383206099079,enjeux-ponctuels-pris-en-compte-dans-un-plan-de-prevention-des-risques-saone-moyen,https://www.data.gouv.fr/fr/datasets/enjeux-ponctuels-pris-en-compte-dans-un-plan-de-prevention-des-risques-saone-moyen/,d8ea2b30-776f-409f-867a-20ae6bba454c,n_enjeu_pprn_20120003_p_069.tab (export SHP/WGS-84),2020-01-24T12:52:58.286000,wrong-file-format,,3 - search request,False,False,False,False,False,,,False,False,False
5a09a1f988ee383206099079,enjeux-ponctuels-pris-en-compte-dans-un-plan-de-prevention-des-risques-saone-moyen,https://www.data.gouv.fr/fr/datasets/enjeux-ponctuels-pris-en-compte-dans-un-plan-de-prevention-des-risques-saone-moyen/,612d949d-7405-407d-8247-0cda09ee7013,Service_de_telechargement_simple_de_DtARA__flux_ATOM.pdf,2020-01-24T12:52:58.286000,wrong-file-format,,3 - search request,False,False,False,False,False,,,False,False,False
5a09a1f988ee383206099079,enjeux-ponctuels-pris-en-compte-dans-un-plan-de-prevention-des-risques-saone-moyen,https://www.data.gouv.fr/fr/datasets/enjeux-ponctuels-pris-en-compte-dans-un-plan-de-prevention-des-risques-saone-moyen/,23862a60-7983-4ed6-8a5e-368a4e5d4457,2015_01_22_CONDITIONS_MAD_UTI_DONNEES.pdf,2020-01-24T12:52:58.287000,wrong-file-format,,3 - search request,False,False,False,False,False,,,False,False,False
5a09a1f988ee383206099079,enjeux-ponctuels-pris-en-compte-dans-un-plan-de-prevention-des-risques-saone-moyen,https://www.data.gouv.fr/fr/datasets/enjeux-ponctuels-pris-en-compte-dans-un-plan-de-prevention-des-risques-saone-moyen/,3dfeaaa1-dd04-4708-b28c-a68fb1edea73,catalogue_dattributs.pdf,2020-01-24T12:52:58.297000,wrong-file-format,,3 - search request,False,False,False,False,False,,,False,False,False
5a09a1f988ee383206099079,enjeux-ponctuels-pris-en-compte-dans-un-plan-de-prevention-des-risques-saone-moyen,https://www.data.gouv.fr/fr/datasets/enjeux-ponctuels-pris-en-compte-dans-un-plan-de-prevention-des-risques-saone-moyen/,bf5af99b-168a-42bb-aed1-fbdadd8b4012,Service_WMS_de_DtARA.pdf,2020-01-24T12:52:58.297000,wrong-file-format,,3 - search request,False,False,False,False,False,,,False,False,False
5a09a1f988ee383206099079,enjeux-ponctuels-pris-en-compte-dans-un-plan-de-prevention-des-risques-saone-moyen,https://www.data.gouv.fr/fr/datasets/enjeux-ponctuels-pris-en-compte-dans-un-plan-de-prevention-des-risques-saone-moyen/,4b053379-7ac6-4011-b5e5-7d599098fbc2,Enjeux_ponctuels_pris_en_compte_dans_un_plan_de_prevention_des_risques___SAONE_MOYEN.pdf,2020-01-24T12:52:58.441000,wrong-file-format,,3 - search request,False,False,False,False,False,,,False,False,False
5a09a1f988ee383206099079,enjeux-ponctuels-pris-en-compte-dans-un-plan-de-prevention-des-risques-saone-moyen,https://www.data.gouv.fr/fr/datasets/enjeux-ponctuels-pris-en-compte-dans-un-plan-de-prevention-des-risques-saone-moyen/,b4f01c3b-ed69-4ef7-b233-d4dfa6b91c2b,n_enjeu_pprn_20120003_p_069 (export GeoJSON),2020-01-24T12:52:58.442000,wrong-file-format,,3 - search request,False,False,False,False,False,,,False,False,False
5a09a1f988ee383206099079,enjeux-ponctuels-pris-en-compte-dans-un-plan-de-prevention-des-risques-saone-moyen,https://www.data.gouv.fr/fr/datasets/enjeux-ponctuels-pris-en-compte-dans-un-plan-de-prevention-des-risques-saone-moyen/,ca446419-bc7b-4aae-8603-dfdddf4fb1fe,n_enjeu_pprn_20120003_p_069 (export SHP/WGS-84),2020-01-24T12:52:58.442000,wrong-file-format,,3 - search request,False,False,False,False,False,,,False,False,False
5a09a198c751df1c82537c7d,enjeux-ponctuels-pris-en-compte-dans-un-plan-de-prevention-des-risques-saone-amont,https://www.data.gouv.fr/fr/datasets/enjeux-ponctuels-pris-en-compte-dans-un-plan-de-prevention-des-risques-saone-amont/,475e9a63-409b-4841-8205-7cd961d5b12d,n_enjeu_pprn_20120002_p_069.tab (archive),2020-01-24T12:53:06.766000,wrong-file-format,,3 - search request,False,False,False,False,False,,,False,False,False
5a09a198c751df1c82537c7d,enjeux-ponctuels-pris-en-compte-dans-un-plan-de-prevention-des-risques-saone-amont,https://www.data.gouv.fr/fr/datasets/enjeux-ponctuels-pris-en-compte-dans-un-plan-de-prevention-des-risques-saone-amont/,38fe51c0-f804-4b4e-90fa-11f3de06c5df,n_enjeu_pprn_20120002_p_069.tab (export GeoJSON),2020-01-24T12:53:06.767000,wrong-file-format,,3 - search request,False,False,False,False,False,,,False,False,False
5a09a198c751df1c82537c7d,enjeux-ponctuels-pris-en-compte-dans-un-plan-de-prevention-des-risques-saone-amont,https://www.data.gouv.fr/fr/datasets/enjeux-ponctuels-pris-en-compte-dans-un-plan-de-prevention-des-risques-saone-amont/,4f133bdd-eacf-4f5d-b94d-a6564322196c,n_enjeu_pprn_20120002_p_069.tab (export SHP/WGS-84),2020-01-24T12:53:06.767000,wrong-file-format,,3 - search request,False,False,False,False,False,,,False,False,False
5a09a198c751df1c82537c7d,enjeux-ponctuels-pris-en-compte-dans-un-plan-de-prevention-des-risques-saone-amont,https://www.data.gouv.fr/fr/datasets/enjeux-ponctuels-pris-en-compte-dans-un-plan-de-prevention-des-risques-saone-amont/,08c531fb-aaf7-4abf-bcc4-f46a342ada7e,n_enjeu_pprn_20120002_p_069.shp (archive),2020-01-24T12:53:06.768000,wrong-file-format,,3 - search request,False,False,False,False,False,,,False,False,False
5a09a198c751df1c82537c7d,enjeux-ponctuels-pris-en-compte-dans-un-plan-de-prevention-des-risques-saone-amont,https://www.data.gouv.fr/fr/datasets/enjeux-ponctuels-pris-en-compte-dans-un-plan-de-prevention-des-risques-saone-amont/,6f54a0ff-80aa-4f0a-b23a-ea5fa956a8ac,n_enjeu_pprn_20120002_p_069.shp (export GeoJSON),2020-01-24T12:53:06.769000,wrong-file-format,,3 - search request,False,False,False,False,False,,,False,False,False
5a09a198c751df1c82537c7d,enjeux-ponctuels-pris-en-compte-dans-un-plan-de-prevention-des-risques-saone-amont,https://www.data.gouv.fr/fr/datasets/enjeux-ponctuels-pris-en-compte-dans-un-plan-de-prevention-des-risques-saone-amont/,9a21ad58-03f3-478a-9444-e548f392b22e,n_enjeu_pprn_20120002_p_069.shp (export SHP/WGS-84),2020-01-24T12:53:06.771000,wrong-file-format,,3 - search request,False,False,False,False,False,,,False,False,False
5a09a198c751df1c82537c7d,enjeux-ponctuels-pris-en-compte-dans-un-plan-de-prevention-des-risques-saone-amont,https://www.data.gouv.fr/fr/datasets/enjeux-ponctuels-pris-en-compte-dans-un-plan-de-prevention-des-risques-saone-amont/,56a318fd-4189-46fe-bebe-9a4af811c60e,Service_WFS_de_DtARA.pdf,2020-01-24T12:53:06.772000,wrong-file-format,,3 - search request,False,False,False,False,False,,,False,False,False
5a09a198c751df1c82537c7d,enjeux-ponctuels-pris-en-compte-dans-un-plan-de-prevention-des-risques-saone-amont,https://www.data.gouv.fr/fr/datasets/enjeux-ponctuels-pris-en-compte-dans-un-plan-de-prevention-des-risques-saone-amont/,a9174eac-1539-4c75-bf93-70ab7d2bdb61,Service_de_telechargement_simple_de_DtARA__flux_ATOM.pdf,2020-01-24T12:53:06.773000,wrong-file-format,,3 - search request,False,False,False,False,False,,,False,False,False
5a09a198c751df1c82537c7d,enjeux-ponctuels-pris-en-compte-dans-un-plan-de-prevention-des-risques-saone-amont,https://www.data.gouv.fr/fr/datasets/enjeux-ponctuels-pris-en-compte-dans-un-plan-de-prevention-des-risques-saone-amont/,fe2f9d6c-2b46-4cbb-a082-8973e57cad06,Occupation_des_sols_a_grande_echelle_par_teledetection_2011__departement_de_lAin.pdf,2020-01-24T12:53:06.774000,wrong-file-format,,3 - search request,False,False,False,False,False,,,False,False,False
5a09a198c751df1c82537c7d,enjeux-ponctuels-pris-en-compte-dans-un-plan-de-prevention-des-risques-saone-amont,https://www.data.gouv.fr/fr/datasets/enjeux-ponctuels-pris-en-compte-dans-un-plan-de-prevention-des-risques-saone-amont/,a851be29-74cd-4d8d-92d4-8b1543ade614,catalogue_dattributs.pdf,2020-01-24T12:53:06.775000,wrong-file-format,,3 - search request,False,False,False,False,False,,,False,False,False
5a09a198c751df1c82537c7d,enjeux-ponctuels-pris-en-compte-dans-un-plan-de-prevention-des-risques-saone-amont,https://www.data.gouv.fr/fr/datasets/enjeux-ponctuels-pris-en-compte-dans-un-plan-de-prevention-des-risques-saone-amont/,99b257a6-a93b-4ea1-89ca-d7cf962ab050,2015_01_22_CONDITIONS_MAD_UTI_DONNEES.pdf,2020-01-24T12:53:06.778000,wrong-file-format,,3 - search request,False,False,False,False,False,,,False,False,False
5a09a18488ee3832007f45d8,enjeux-lineaires-pris-en-compte-dans-un-plan-de-prevention-des-risques-brevenne-turdine,https://www.data.gouv.fr/fr/datasets/enjeux-lineaires-pris-en-compte-dans-un-plan-de-prevention-des-risques-brevenne-turdine/,864916b7-385c-4ed7-bc7b-0213dc79783d,n_enjeu_pprn_20030003_l_069 (export SHP/WGS-84),2020-01-24T12:53:08.258000,wrong-file-format,,3 - search request,False,False,False,False,False,,,False,False,False
