BGT_SIRET,BGT_NOM,BGT_CONTNAT,BGT_NATURE_LABEL,BGT_FONCTION,BGT_SECTION,BGT_CODRD,BGT_MTREAL,BGT_NATDEC,BGT_ANNEE,BGT_CONTNAT_LABEL,BGT_NATURE,BGT_FONCTION_LABEL,BGT_OPERATION,BGT_OPBUDG,BGT_MTBUDGPREC,BGT_MTRARPREC,BGT_MTPROPNOUV,BGT_MTPREV,BGT_CREDOUV,BGT_MTRAR3112,BGT_ARTSPE,last_modified,datagouv_dataset_id,datagouv_resource_id,datagouv_organization_or_owner
20005270200012,FINANCES,001,001 - Solde exécution invest. reporté,01000,investissement,dépense,3134877.91,,,,,,,,,,,,,,,2021-02-18T15:12:10.446000,602e748dc94ca760c6c0f579,64f9c99c-db8d-4157-993e-5e317f9bf37b,bauge-en-anjou
20005270200012,PATRIMOINE,2316,23 - Immobilisations en cours,02040,investissement,dépense,80000,,,,,,,,,,,,,,,2021-02-18T15:12:10.446000,602e748dc94ca760c6c0f579,64f9c99c-db8d-4157-993e-5e317f9bf37b,bauge-en-anjou
20005270200012,FINANCES,28031,040 - Opérat° ordre transfert entre sections,32200,investissement,recette,2196.02,,,,,,,,,,,,,,,2021-02-18T15:12:10.446000,602e748dc94ca760c6c0f579,64f9c99c-db8d-4157-993e-5e317f9bf37b,bauge-en-anjou
20005270200012,FINANCES,28031,040 - Opérat° ordre transfert entre sections,02000,investissement,recette,10554.26,,,,,,,,,,,,,,,2021-02-18T15:12:10.446000,602e748dc94ca760c6c0f579,64f9c99c-db8d-4157-993e-5e317f9bf37b,bauge-en-anjou
20005270200012,FINANCES,28031,040 - Opérat° ordre transfert entre sections,01000,investissement,recette,763.84,,,,,,,,,,,,,,,2021-02-18T15:12:10.446000,602e748dc94ca760c6c0f579,64f9c99c-db8d-4157-993e-5e317f9bf37b,bauge-en-anjou
20005270200012,FINANCES,2802,040 - Opérat° ordre transfert entre sections,81000,investissement,recette,31795.98,,,,,,,,,,,,,,,2021-02-18T15:12:10.446000,602e748dc94ca760c6c0f579,64f9c99c-db8d-4157-993e-5e317f9bf37b,bauge-en-anjou
20005270200012,FINANCES,2802,040 - Opérat° ordre transfert entre sections,01000,investissement,recette,204.02,,,,,,,,,,,,,,,2021-02-18T15:12:10.446000,602e748dc94ca760c6c0f579,64f9c99c-db8d-4157-993e-5e317f9bf37b,bauge-en-anjou
20005270200012,FINANCES,024,024 - Produits des cessions d'immobilisations,81000,investissement,recette,144200,,,,,,,,,,,,,,,2021-02-18T15:12:10.446000,602e748dc94ca760c6c0f579,64f9c99c-db8d-4157-993e-5e317f9bf37b,bauge-en-anjou
20005270200012,FINANCES,021,021 - Virement de la sect° de fonctionnement,01000,investissement,recette,1883432.33,,,,,,,,,,,,,,,2021-02-18T15:12:10.446000,602e748dc94ca760c6c0f579,64f9c99c-db8d-4157-993e-5e317f9bf37b,bauge-en-anjou
20005270200012,ENVIRONNEM,458101,4581 - Opérations sous mandat,81000,investissement,dépense,30000,,,,,,,,,,,,,,,2021-02-18T15:12:10.446000,602e748dc94ca760c6c0f579,64f9c99c-db8d-4157-993e-5e317f9bf37b,bauge-en-anjou
20005270200012,ECONOMIE,2315,23 - Immobilisations en cours,82200,investissement,dépense,48000,,,,,,,,,,,,,,,2021-02-18T15:12:10.446000,602e748dc94ca760c6c0f579,64f9c99c-db8d-4157-993e-5e317f9bf37b,bauge-en-anjou
20005270200012,CULTURE,2184,21 - Immobilisations corporelles,32100,investissement,dépense,2000,,,,,,,,,,,,,,,2021-02-18T15:12:10.446000,602e748dc94ca760c6c0f579,64f9c99c-db8d-4157-993e-5e317f9bf37b,bauge-en-anjou
20005270200012,VOIRIEEV,2315,23 - Immobilisations en cours,82200,investissement,dépense,25000,,,,,,,,,,,,,,,2021-02-18T15:12:10.446000,602e748dc94ca760c6c0f579,64f9c99c-db8d-4157-993e-5e317f9bf37b,bauge-en-anjou
20005270200012,VOIRIEEV,2315,23 - Immobilisations en cours,82200,investissement,dépense,35000,,,,,,,,,,,,,,,2021-02-18T15:12:10.446000,602e748dc94ca760c6c0f579,64f9c99c-db8d-4157-993e-5e317f9bf37b,bauge-en-anjou
20005270200012,VOIRIEEV,2315,23 - Immobilisations en cours,82200,investissement,dépense,60000,,,,,,,,,,,,,,,2021-02-18T15:12:10.446000,602e748dc94ca760c6c0f579,64f9c99c-db8d-4157-993e-5e317f9bf37b,bauge-en-anjou
20005270200012,VOIRIEEV,2315,23 - Immobilisations en cours,82200,investissement,dépense,244000,,,,,,,,,,,,,,,2021-02-18T15:12:10.446000,602e748dc94ca760c6c0f579,64f9c99c-db8d-4157-993e-5e317f9bf37b,bauge-en-anjou
20005270200012,VOIRIEEV,2315,23 - Immobilisations en cours,82200,investissement,dépense,301000,,,,,,,,,,,,,,,2021-02-18T15:12:10.446000,602e748dc94ca760c6c0f579,64f9c99c-db8d-4157-993e-5e317f9bf37b,bauge-en-anjou
20005270200012,VOIRIEEV,2315,23 - Immobilisations en cours,82200,investissement,dépense,887300,,,,,,,,,,,,,,,2021-02-18T15:12:10.446000,602e748dc94ca760c6c0f579,64f9c99c-db8d-4157-993e-5e317f9bf37b,bauge-en-anjou
20005270200012,VOIRIEEV,2315,23 - Immobilisations en cours,82200,investissement,dépense,8000,,,,,,,,,,,,,,,2021-02-18T15:12:10.446000,602e748dc94ca760c6c0f579,64f9c99c-db8d-4157-993e-5e317f9bf37b,bauge-en-anjou
20005270200012,VOIRIEEV,2315,23 - Immobilisations en cours,82200,investissement,dépense,489500,,,,,,,,,,,,,,,2021-02-18T15:12:10.446000,602e748dc94ca760c6c0f579,64f9c99c-db8d-4157-993e-5e317f9bf37b,bauge-en-anjou
20005270200012,FINANCES,28031,040 - Opérat° ordre transfert entre sections,33100,investissement,recette,3396.67,,,,,,,,,,,,,,,2021-02-18T15:12:10.446000,602e748dc94ca760c6c0f579,64f9c99c-db8d-4157-993e-5e317f9bf37b,bauge-en-anjou
20005270200012,FINANCES,28031,040 - Opérat° ordre transfert entre sections,81000,investissement,recette,36934.88,,,,,,,,,,,,,,,2021-02-18T15:12:10.446000,602e748dc94ca760c6c0f579,64f9c99c-db8d-4157-993e-5e317f9bf37b,bauge-en-anjou
20005270200012,FINANCES,28031,040 - Opérat° ordre transfert entre sections,83000,investissement,recette,15154.33,,,,,,,,,,,,,,,2021-02-18T15:12:10.446000,602e748dc94ca760c6c0f579,64f9c99c-db8d-4157-993e-5e317f9bf37b,bauge-en-anjou
20005270200012,FINANCES,2804133,040 - Opérat° ordre transfert entre sections,01000,investissement,recette,44.99,,,,,,,,,,,,,,,2021-02-18T15:12:10.446000,602e748dc94ca760c6c0f579,64f9c99c-db8d-4157-993e-5e317f9bf37b,bauge-en-anjou
20005270200012,FINANCES,2804183,040 - Opérat° ordre transfert entre sections,02040,investissement,recette,166.67,,,,,,,,,,,,,,,2021-02-18T15:12:10.446000,602e748dc94ca760c6c0f579,64f9c99c-db8d-4157-993e-5e317f9bf37b,bauge-en-anjou
20005270200012,FINANCES,2804172,040 - Opérat° ordre transfert entre sections,81400,investissement,recette,4617.1,,,,,,,,,,,,,,,2021-02-18T15:12:10.446000,602e748dc94ca760c6c0f579,64f9c99c-db8d-4157-993e-5e317f9bf37b,bauge-en-anjou
20005270200012,FINANCES,2804172,040 - Opérat° ordre transfert entre sections,01000,investissement,recette,82.9,,,,,,,,,,,,,,,2021-02-18T15:12:10.446000,602e748dc94ca760c6c0f579,64f9c99c-db8d-4157-993e-5e317f9bf37b,bauge-en-anjou
20005270200012,FINANCES,28041622,040 - Opérat° ordre transfert entre sections,52400,investissement,recette,666.67,,,,,,,,,,,,,,,2021-02-18T15:12:10.446000,602e748dc94ca760c6c0f579,64f9c99c-db8d-4157-993e-5e317f9bf37b,bauge-en-anjou
20005270200012,FINANCES,28041622,040 - Opérat° ordre transfert entre sections,01000,investissement,recette,33.33,,,,,,,,,,,,,,,2021-02-18T15:12:10.446000,602e748dc94ca760c6c0f579,64f9c99c-db8d-4157-993e-5e317f9bf37b,bauge-en-anjou
20005270200012,FINANCES,28041582,040 - Opérat° ordre transfert entre sections,82300,investissement,recette,61.38,,,,,,,,,,,,,,,2021-02-18T15:12:10.446000,602e748dc94ca760c6c0f579,64f9c99c-db8d-4157-993e-5e317f9bf37b,bauge-en-anjou
20005270200012,FINANCES,28041582,040 - Opérat° ordre transfert entre sections,82200,investissement,recette,5986.1,,,,,,,,,,,,,,,2021-02-18T15:12:10.446000,602e748dc94ca760c6c0f579,64f9c99c-db8d-4157-993e-5e317f9bf37b,bauge-en-anjou
20005270200012,FINANCES,28041582,040 - Opérat° ordre transfert entre sections,81400,investissement,recette,53436.1,,,,,,,,,,,,,,,2021-02-18T15:12:10.446000,602e748dc94ca760c6c0f579,64f9c99c-db8d-4157-993e-5e317f9bf37b,bauge-en-anjou
20005270200012,FINANCES,28041582,040 - Opérat° ordre transfert entre sections,81100,investissement,recette,33213.11,,,,,,,,,,,,,,,2021-02-18T15:12:10.446000,602e748dc94ca760c6c0f579,64f9c99c-db8d-4157-993e-5e317f9bf37b,bauge-en-anjou
20005270200012,FINANCES,28041582,040 - Opérat° ordre transfert entre sections,81000,investissement,recette,35.33,,,,,,,,,,,,,,,2021-02-18T15:12:10.446000,602e748dc94ca760c6c0f579,64f9c99c-db8d-4157-993e-5e317f9bf37b,bauge-en-anjou
20005270200012,FINANCES,28041582,040 - Opérat° ordre transfert entre sections,12000,investissement,recette,820.71,,,,,,,,,,,,,,,2021-02-18T15:12:10.446000,602e748dc94ca760c6c0f579,64f9c99c-db8d-4157-993e-5e317f9bf37b,bauge-en-anjou
20005270200012,FINANCES,28041582,040 - Opérat° ordre transfert entre sections,01000,investissement,recette,47.27,,,,,,,,,,,,,,,2021-02-18T15:12:10.446000,602e748dc94ca760c6c0f579,64f9c99c-db8d-4157-993e-5e317f9bf37b,bauge-en-anjou
20005270200012,FINANCES,28041412,040 - Opérat° ordre transfert entre sections,81100,investissement,recette,104.8,,,,,,,,,,,,,,,2021-02-18T15:12:10.446000,602e748dc94ca760c6c0f579,64f9c99c-db8d-4157-993e-5e317f9bf37b,bauge-en-anjou
20005270200012,FINANCES,28041412,040 - Opérat° ordre transfert entre sections,81000,investissement,recette,670.62,,,,,,,,,,,,,,,2021-02-18T15:12:10.446000,602e748dc94ca760c6c0f579,64f9c99c-db8d-4157-993e-5e317f9bf37b,bauge-en-anjou
20005270200012,FINANCES,28041412,040 - Opérat° ordre transfert entre sections,01000,investissement,recette,24.58,,,,,,,,,,,,,,,2021-02-18T15:12:10.446000,602e748dc94ca760c6c0f579,64f9c99c-db8d-4157-993e-5e317f9bf37b,bauge-en-anjou
20005270200012,FINANCES,2804133,040 - Opérat° ordre transfert entre sections,90000,investissement,recette,388.48,,,,,,,,,,,,,,,2021-02-18T15:12:10.446000,602e748dc94ca760c6c0f579,64f9c99c-db8d-4157-993e-5e317f9bf37b,bauge-en-anjou
20005270200012,FINANCES,2804133,040 - Opérat° ordre transfert entre sections,82200,investissement,recette,5066.53,,,,,,,,,,,,,,,2021-02-18T15:12:10.446000,602e748dc94ca760c6c0f579,64f9c99c-db8d-4157-993e-5e317f9bf37b,bauge-en-anjou
20005270200012,VOIRIEEV,2315,23 - Immobilisations en cours,82200,investissement,dépense,30000,,,,,,,,,,,,,,,2021-02-18T15:12:10.446000,602e748dc94ca760c6c0f579,64f9c99c-db8d-4157-993e-5e317f9bf37b,bauge-en-anjou
20005270200012,VOIRIEEV,2315,23 - Immobilisations en cours,81700,investissement,dépense,28400,,,,,,,,,,,,,,,2021-02-18T15:12:10.446000,602e748dc94ca760c6c0f579,64f9c99c-db8d-4157-993e-5e317f9bf37b,bauge-en-anjou
20005270200012,VOIRIEEV,2315,23 - Immobilisations en cours,81400,investissement,dépense,35000,,,,,,,,,,,,,,,2021-02-18T15:12:10.446000,602e748dc94ca760c6c0f579,64f9c99c-db8d-4157-993e-5e317f9bf37b,bauge-en-anjou
20005270200012,PATRIMOINE,2188,21 - Immobilisations corporelles,51100,investissement,dépense,2600,,,,,,,,,,,,,,,2021-02-18T15:12:10.446000,602e748dc94ca760c6c0f579,64f9c99c-db8d-4157-993e-5e317f9bf37b,bauge-en-anjou
20005270200012,TOURISME,2188,21 - Immobilisations corporelles,33100,investissement,dépense,0,,,,,,,,,,,,,,,2021-02-18T15:12:10.446000,602e748dc94ca760c6c0f579,64f9c99c-db8d-4157-993e-5e317f9bf37b,bauge-en-anjou
20005270200012,SPORTIVE,2188,21 - Immobilisations corporelles,30000,investissement,dépense,8000,,,,,,,,,,,,,,,2021-02-18T15:12:10.446000,602e748dc94ca760c6c0f579,64f9c99c-db8d-4157-993e-5e317f9bf37b,bauge-en-anjou
20005270200012,TOURISME,2188,21 - Immobilisations corporelles,30000,investissement,dépense,10000,,,,,,,,,,,,,,,2021-02-18T15:12:10.446000,602e748dc94ca760c6c0f579,64f9c99c-db8d-4157-993e-5e317f9bf37b,bauge-en-anjou
20005270200012,ENFANCE,2188,21 - Immobilisations corporelles,25100,investissement,dépense,11500,,,,,,,,,,,,,,,2021-02-18T15:12:10.446000,602e748dc94ca760c6c0f579,64f9c99c-db8d-4157-993e-5e317f9bf37b,bauge-en-anjou
20005270200012,VOIRIEEV,2188,21 - Immobilisations corporelles,02400,investissement,dépense,6000,,,,,,,,,,,,,,,2021-02-18T15:12:10.446000,602e748dc94ca760c6c0f579,64f9c99c-db8d-4157-993e-5e317f9bf37b,bauge-en-anjou
20005270200012,VOIRIEEV,2188,21 - Immobilisations corporelles,02300,investissement,dépense,15000,,,,,,,,,,,,,,,2021-02-18T15:12:10.446000,602e748dc94ca760c6c0f579,64f9c99c-db8d-4157-993e-5e317f9bf37b,bauge-en-anjou
20005270200012,COMMUNICAT,2188,21 - Immobilisations corporelles,02300,investissement,dépense,7000,,,,,,,,,,,,,,,2021-02-18T15:12:10.446000,602e748dc94ca760c6c0f579,64f9c99c-db8d-4157-993e-5e317f9bf37b,bauge-en-anjou
20005270200012,COMMUNICAT,2188,21 - Immobilisations corporelles,02300,investissement,dépense,3200,,,,,,,,,,,,,,,2021-02-18T15:12:10.446000,602e748dc94ca760c6c0f579,64f9c99c-db8d-4157-993e-5e317f9bf37b,bauge-en-anjou
20005270200012,PATRIMOINE,2188,21 - Immobilisations corporelles,02096,investissement,dépense,1600,,,,,,,,,,,,,,,2021-02-18T15:12:10.446000,602e748dc94ca760c6c0f579,64f9c99c-db8d-4157-993e-5e317f9bf37b,bauge-en-anjou
20005270200012,PATRIMOINE,2188,21 - Immobilisations corporelles,02096,investissement,dépense,5000,,,,,,,,,,,,,,,2021-02-18T15:12:10.446000,602e748dc94ca760c6c0f579,64f9c99c-db8d-4157-993e-5e317f9bf37b,bauge-en-anjou
20005270200012,EQUIPEMENT,2188,21 - Immobilisations corporelles,02091,investissement,dépense,1900,,,,,,,,,,,,,,,2021-02-18T15:12:10.446000,602e748dc94ca760c6c0f579,64f9c99c-db8d-4157-993e-5e317f9bf37b,bauge-en-anjou
20005270200012,PROXIMITE,2188,21 - Immobilisations corporelles,02011,investissement,dépense,5000,,,,,,,,,,,,,,,2021-02-18T15:12:10.446000,602e748dc94ca760c6c0f579,64f9c99c-db8d-4157-993e-5e317f9bf37b,bauge-en-anjou
20005270200012,PROXIMITE,2188,21 - Immobilisations corporelles,02011,investissement,dépense,1500,,,,,,,,,,,,,,,2021-02-18T15:12:10.446000,602e748dc94ca760c6c0f579,64f9c99c-db8d-4157-993e-5e317f9bf37b,bauge-en-anjou
20005270200012,PROXIMITE,2188,21 - Immobilisations corporelles,02011,investissement,dépense,6000,,,,,,,,,,,,,,,2021-02-18T15:12:10.446000,602e748dc94ca760c6c0f579,64f9c99c-db8d-4157-993e-5e317f9bf37b,bauge-en-anjou
20005270200012,EQUIPEMENT,2188,21 - Immobilisations corporelles,02010,investissement,dépense,3440,,,,,,,,,,,,,,,2021-02-18T15:12:10.446000,602e748dc94ca760c6c0f579,64f9c99c-db8d-4157-993e-5e317f9bf37b,bauge-en-anjou
20005270200012,EQUIPEMENT,2188,21 - Immobilisations corporelles,02010,investissement,dépense,1500,,,,,,,,,,,,,,,2021-02-18T15:12:10.446000,602e748dc94ca760c6c0f579,64f9c99c-db8d-4157-993e-5e317f9bf37b,bauge-en-anjou
20005270200012,FINANCES,2188,21 - Immobilisations corporelles,02000,investissement,dépense,10000,,,,,,,,,,,,,,,2021-02-18T15:12:10.446000,602e748dc94ca760c6c0f579,64f9c99c-db8d-4157-993e-5e317f9bf37b,bauge-en-anjou
20005270200012,EQUIPEMENT,2188,21 - Immobilisations corporelles,40000,investissement,dépense,700,,,,,,,,,,,,,,,2021-02-18T15:12:10.446000,602e748dc94ca760c6c0f579,64f9c99c-db8d-4157-993e-5e317f9bf37b,bauge-en-anjou
20005270200012,VOIRIEEV,2188,21 - Immobilisations corporelles,82200,investissement,dépense,15000,,,,,,,,,,,,,,,2021-02-18T15:12:10.446000,602e748dc94ca760c6c0f579,64f9c99c-db8d-4157-993e-5e317f9bf37b,bauge-en-anjou
20005270200012,VOIRIEEV,2315,23 - Immobilisations en cours,81400,investissement,dépense,10000,,,,,,,,,,,,,,,2021-02-18T15:12:10.446000,602e748dc94ca760c6c0f579,64f9c99c-db8d-4157-993e-5e317f9bf37b,bauge-en-anjou
20005270200012,VOIRIEEV,2188,21 - Immobilisations corporelles,82200,investissement,dépense,25000,,,,,,,,,,,,,,,2021-02-18T15:12:10.446000,602e748dc94ca760c6c0f579,64f9c99c-db8d-4157-993e-5e317f9bf37b,bauge-en-anjou
20005270200012,ENFANCE,2315,23 - Immobilisations en cours,64100,investissement,dépense,420000,,,,,,,,,,,,,,,2021-02-18T15:12:10.446000,602e748dc94ca760c6c0f579,64f9c99c-db8d-4157-993e-5e317f9bf37b,bauge-en-anjou
20005270200012,TERRITOIRE,2312,23 - Immobilisations en cours,81000,investissement,dépense,14000,,,,,,,,,,,,,,,2021-02-18T15:12:10.446000,602e748dc94ca760c6c0f579,64f9c99c-db8d-4157-993e-5e317f9bf37b,bauge-en-anjou
20005270200012,VOIRIEEV,2188,21 - Immobilisations corporelles,95000,investissement,dépense,1000,,,,,,,,,,,,,,,2021-02-18T15:12:10.446000,602e748dc94ca760c6c0f579,64f9c99c-db8d-4157-993e-5e317f9bf37b,bauge-en-anjou
20005270200012,VOIRIEEV,2188,21 - Immobilisations corporelles,95000,investissement,dépense,8500,,,,,,,,,,,,,,,2021-02-18T15:12:10.446000,602e748dc94ca760c6c0f579,64f9c99c-db8d-4157-993e-5e317f9bf37b,bauge-en-anjou
20005270200012,VOIRIEEV,2188,21 - Immobilisations corporelles,95000,investissement,dépense,9000,,,,,,,,,,,,,,,2021-02-18T15:12:10.446000,602e748dc94ca760c6c0f579,64f9c99c-db8d-4157-993e-5e317f9bf37b,bauge-en-anjou
20005270200012,VOIRIEEV,2188,21 - Immobilisations corporelles,95000,investissement,dépense,1500,,,,,,,,,,,,,,,2021-02-18T15:12:10.446000,602e748dc94ca760c6c0f579,64f9c99c-db8d-4157-993e-5e317f9bf37b,bauge-en-anjou
20005270200012,VOIRIEEV,2188,21 - Immobilisations corporelles,95000,investissement,dépense,3500,,,,,,,,,,,,,,,2021-02-18T15:12:10.446000,602e748dc94ca760c6c0f579,64f9c99c-db8d-4157-993e-5e317f9bf37b,bauge-en-anjou
20005270200012,EQUIPEMENT,2188,21 - Immobilisations corporelles,95000,investissement,dépense,2000,,,,,,,,,,,,,,,2021-02-18T15:12:10.446000,602e748dc94ca760c6c0f579,64f9c99c-db8d-4157-993e-5e317f9bf37b,bauge-en-anjou
20005270200012,ECONOMIE,2188,21 - Immobilisations corporelles,90000,investissement,dépense,30000,,,,,,,,,,,,,,,2021-02-18T15:12:10.446000,602e748dc94ca760c6c0f579,64f9c99c-db8d-4157-993e-5e317f9bf37b,bauge-en-anjou
20005270200012,ECONOMIE,2188,21 - Immobilisations corporelles,90000,investissement,dépense,6000,,,,,,,,,,,,,,,2021-02-18T15:12:10.446000,602e748dc94ca760c6c0f579,64f9c99c-db8d-4157-993e-5e317f9bf37b,bauge-en-anjou
20005270200012,PATRIMOINE,2188,21 - Immobilisations corporelles,90000,investissement,dépense,1600,,,,,,,,,,,,,,,2021-02-18T15:12:10.446000,602e748dc94ca760c6c0f579,64f9c99c-db8d-4157-993e-5e317f9bf37b,bauge-en-anjou
20005270200012,ENVIRONNEM,2188,21 - Immobilisations corporelles,83000,investissement,dépense,26500,,,,,,,,,,,,,,,2021-02-18T15:12:10.446000,602e748dc94ca760c6c0f579,64f9c99c-db8d-4157-993e-5e317f9bf37b,bauge-en-anjou
20005270200012,ENVIRONNEM,2188,21 - Immobilisations corporelles,83000,investissement,dépense,14000,,,,,,,,,,,,,,,2021-02-18T15:12:10.446000,602e748dc94ca760c6c0f579,64f9c99c-db8d-4157-993e-5e317f9bf37b,bauge-en-anjou
20005270200012,VOIRIEEV,2188,21 - Immobilisations corporelles,82300,investissement,dépense,4700,,,,,,,,,,,,,,,2021-02-18T15:12:10.446000,602e748dc94ca760c6c0f579,64f9c99c-db8d-4157-993e-5e317f9bf37b,bauge-en-anjou
20005270200012,VOIRIEEV,2188,21 - Immobilisations corporelles,82200,investissement,dépense,4000,,,,,,,,,,,,,,,2021-02-18T15:12:10.446000,602e748dc94ca760c6c0f579,64f9c99c-db8d-4157-993e-5e317f9bf37b,bauge-en-anjou
20005270200012,VOIRIEEV,2188,21 - Immobilisations corporelles,82200,investissement,dépense,1500,,,,,,,,,,,,,,,2021-02-18T15:12:10.446000,602e748dc94ca760c6c0f579,64f9c99c-db8d-4157-993e-5e317f9bf37b,bauge-en-anjou
20005270200012,VOIRIEEV,2188,21 - Immobilisations corporelles,82200,investissement,dépense,4500,,,,,,,,,,,,,,,2021-02-18T15:12:10.446000,602e748dc94ca760c6c0f579,64f9c99c-db8d-4157-993e-5e317f9bf37b,bauge-en-anjou
20005270200012,FINANCES,2804183,040 - Opérat° ordre transfert entre sections,02040,investissement,recette,33.33,,,,,,,,,,,,,,,2021-02-18T15:12:10.446000,602e748dc94ca760c6c0f579,64f9c99c-db8d-4157-993e-5e317f9bf37b,bauge-en-anjou
20005270200012,FINANCES,280421,040 - Opérat° ordre transfert entre sections,01000,investissement,recette,66.67,,,,,,,,,,,,,,,2021-02-18T15:12:10.446000,602e748dc94ca760c6c0f579,64f9c99c-db8d-4157-993e-5e317f9bf37b,bauge-en-anjou
20005270200012,FINANCES,280421,040 - Opérat° ordre transfert entre sections,51100,investissement,recette,3333.33,,,,,,,,,,,,,,,2021-02-18T15:12:10.446000,602e748dc94ca760c6c0f579,64f9c99c-db8d-4157-993e-5e317f9bf37b,bauge-en-anjou
20005270200012,CULTURE,1323,13 - Subventions d'investissement,33100,investissement,recette,913,,,,,,,,,,,,,,,2021-02-18T15:12:10.446000,602e748dc94ca760c6c0f579,64f9c99c-db8d-4157-993e-5e317f9bf37b,bauge-en-anjou
20005270200012,CULTURE,1321,13 - Subventions d'investissement,33100,investissement,recette,1640,,,,,,,,,,,,,,,2021-02-18T15:12:10.446000,602e748dc94ca760c6c0f579,64f9c99c-db8d-4157-993e-5e317f9bf37b,bauge-en-anjou
20005270200012,CULTURE,1321,13 - Subventions d'investissement,33100,investissement,recette,1718.67,,,,,,,,,,,,,,,2021-02-18T15:12:10.446000,602e748dc94ca760c6c0f579,64f9c99c-db8d-4157-993e-5e317f9bf37b,bauge-en-anjou
20005270200012,CULTURE,1321,13 - Subventions d'investissement,33100,investissement,recette,1460,,,,,,,,,,,,,,,2021-02-18T15:12:10.446000,602e748dc94ca760c6c0f579,64f9c99c-db8d-4157-993e-5e317f9bf37b,bauge-en-anjou
20005270200012,CULTURE,1321,13 - Subventions d'investissement,02040,investissement,recette,1566,,,,,,,,,,,,,,,2021-02-18T15:12:10.446000,602e748dc94ca760c6c0f579,64f9c99c-db8d-4157-993e-5e317f9bf37b,bauge-en-anjou
20005270200012,PATRIMOINE,1321,13 - Subventions d'investissement,02040,investissement,recette,7477.5,,,,,,,,,,,,,,,2021-02-18T15:12:10.446000,602e748dc94ca760c6c0f579,64f9c99c-db8d-4157-993e-5e317f9bf37b,bauge-en-anjou
20005270200012,ENVIRONNEM,1318,13 - Subventions d'investissement,83000,investissement,recette,18000,,,,,,,,,,,,,,,2021-02-18T15:12:10.446000,602e748dc94ca760c6c0f579,64f9c99c-db8d-4157-993e-5e317f9bf37b,bauge-en-anjou
20005270200012,ENFANCE,1318,13 - Subventions d'investissement,64100,investissement,recette,50000,,,,,,,,,,,,,,,2021-02-18T15:12:10.446000,602e748dc94ca760c6c0f579,64f9c99c-db8d-4157-993e-5e317f9bf37b,bauge-en-anjou
20005270200012,ENFANCE,1317,13 - Subventions d'investissement,64100,investissement,recette,52945.88,,,,,,,,,,,,,,,2021-02-18T15:12:10.446000,602e748dc94ca760c6c0f579,64f9c99c-db8d-4157-993e-5e317f9bf37b,bauge-en-anjou
20005270200012,SPORTIVE,1317,13 - Subventions d'investissement,40000,investissement,recette,55000,,,,,,,,,,,,,,,2021-02-18T15:12:10.446000,602e748dc94ca760c6c0f579,64f9c99c-db8d-4157-993e-5e317f9bf37b,bauge-en-anjou
20005270200012,VOIRIEEV,13151,13 - Subventions d'investissement,81400,investissement,recette,40000,,,,,,,,,,,,,,,2021-02-18T15:12:10.446000,602e748dc94ca760c6c0f579,64f9c99c-db8d-4157-993e-5e317f9bf37b,bauge-en-anjou
20005270200012,ENVIRONNEM,1313,13 - Subventions d'investissement,83000,investissement,recette,11237,,,,,,,,,,,,,,,2021-02-18T15:12:10.446000,602e748dc94ca760c6c0f579,64f9c99c-db8d-4157-993e-5e317f9bf37b,bauge-en-anjou
20005270200012,ENVIRONNEM,1313,13 - Subventions d'investissement,83000,investissement,recette,33000,,,,,,,,,,,,,,,2021-02-18T15:12:10.446000,602e748dc94ca760c6c0f579,64f9c99c-db8d-4157-993e-5e317f9bf37b,bauge-en-anjou
20005270200012,ENVIRONNEM,1312,13 - Subventions d'investissement,83000,investissement,recette,2014,,,,,,,,,,,,,,,2021-02-18T15:12:10.446000,602e748dc94ca760c6c0f579,64f9c99c-db8d-4157-993e-5e317f9bf37b,bauge-en-anjou
20005270200012,VOIRIEEV,1312,13 - Subventions d'investissement,82200,investissement,recette,21533,,,,,,,,,,,,,,,2021-02-18T15:12:10.446000,602e748dc94ca760c6c0f579,64f9c99c-db8d-4157-993e-5e317f9bf37b,bauge-en-anjou
20005270200012,VOIRIEEV,1312,13 - Subventions d'investissement,82200,investissement,recette,34378.12,,,,,,,,,,,,,,,2021-02-18T15:12:10.446000,602e748dc94ca760c6c0f579,64f9c99c-db8d-4157-993e-5e317f9bf37b,bauge-en-anjou
20005270200012,VOIRIEEV,1312,13 - Subventions d'investissement,82200,investissement,recette,46835,,,,,,,,,,,,,,,2021-02-18T15:12:10.446000,602e748dc94ca760c6c0f579,64f9c99c-db8d-4157-993e-5e317f9bf37b,bauge-en-anjou
20005270200012,VOIRIEEV,1312,13 - Subventions d'investissement,82200,investissement,recette,75000,,,,,,,,,,,,,,,2021-02-18T15:12:10.446000,602e748dc94ca760c6c0f579,64f9c99c-db8d-4157-993e-5e317f9bf37b,bauge-en-anjou
20005270200012,CULTURE,1323,13 - Subventions d'investissement,02040,investissement,recette,1025,,,,,,,,,,,,,,,2021-02-18T15:12:10.446000,602e748dc94ca760c6c0f579,64f9c99c-db8d-4157-993e-5e317f9bf37b,bauge-en-anjou
20005270200012,CULTURE,1323,13 - Subventions d'investissement,33100,investissement,recette,1074,,,,,,,,,,,,,,,2021-02-18T15:12:10.446000,602e748dc94ca760c6c0f579,64f9c99c-db8d-4157-993e-5e317f9bf37b,bauge-en-anjou
20005270200012,ECONOMIE,1312,13 - Subventions d'investissement,81000,investissement,recette,42909,,,,,,,,,,,,,,,2021-02-18T15:12:10.446000,602e748dc94ca760c6c0f579,64f9c99c-db8d-4157-993e-5e317f9bf37b,bauge-en-anjou
20005270200012,CULTURE,1323,13 - Subventions d'investissement,33100,investissement,recette,1305,,,,,,,,,,,,,,,2021-02-18T15:12:10.446000,602e748dc94ca760c6c0f579,64f9c99c-db8d-4157-993e-5e317f9bf37b,bauge-en-anjou
20005270200012,FINANCES,165,16 - Emprunts et dettes assimilées,01000,investissement,recette,5000,,,,,,,,,,,,,,,2021-02-18T15:12:10.446000,602e748dc94ca760c6c0f579,64f9c99c-db8d-4157-993e-5e317f9bf37b,bauge-en-anjou
20005270200012,FINANCES,1641,16 - Emprunts et dettes assimilées,01000,investissement,recette,2000000,,,,,,,,,,,,,,,2021-02-18T15:12:10.446000,602e748dc94ca760c6c0f579,64f9c99c-db8d-4157-993e-5e317f9bf37b,bauge-en-anjou
20005270200012,FINANCES,1641,16 - Emprunts et dettes assimilées,01000,investissement,recette,1500000,,,,,,,,,,,,,,,2021-02-18T15:12:10.446000,602e748dc94ca760c6c0f579,64f9c99c-db8d-4157-993e-5e317f9bf37b,bauge-en-anjou
20005270200012,VOIRIEEV,1338,13 - Subventions d'investissement,81700,investissement,recette,28185.72,,,,,,,,,,,,,,,2021-02-18T15:12:10.446000,602e748dc94ca760c6c0f579,64f9c99c-db8d-4157-993e-5e317f9bf37b,bauge-en-anjou
20005270200012,VOIRIEEV,1338,13 - Subventions d'investissement,81700,investissement,recette,1026.36,,,,,,,,,,,,,,,2021-02-18T15:12:10.446000,602e748dc94ca760c6c0f579,64f9c99c-db8d-4157-993e-5e317f9bf37b,bauge-en-anjou
20005270200012,VOIRIEEV,1337,13 - Subventions d'investissement,82200,investissement,recette,310089.54,,,,,,,,,,,,,,,2021-02-18T15:12:10.446000,602e748dc94ca760c6c0f579,64f9c99c-db8d-4157-993e-5e317f9bf37b,bauge-en-anjou
20005270200012,ECONOMIE,1337,13 - Subventions d'investissement,81000,investissement,recette,19308.95,,,,,,,,,,,,,,,2021-02-18T15:12:10.446000,602e748dc94ca760c6c0f579,64f9c99c-db8d-4157-993e-5e317f9bf37b,bauge-en-anjou
20005270200012,SPORTIVE,1337,13 - Subventions d'investissement,40000,investissement,recette,116397.56,,,,,,,,,,,,,,,2021-02-18T15:12:10.446000,602e748dc94ca760c6c0f579,64f9c99c-db8d-4157-993e-5e317f9bf37b,bauge-en-anjou
20005270200012,TOURISME,1337,13 - Subventions d'investissement,33100,investissement,recette,95860.8,,,,,,,,,,,,,,,2021-02-18T15:12:10.446000,602e748dc94ca760c6c0f579,64f9c99c-db8d-4157-993e-5e317f9bf37b,bauge-en-anjou
20005270200012,VOIRIEEV,1331,13 - Subventions d'investissement,82200,investissement,recette,82132.56,,,,,,,,,,,,,,,2021-02-18T15:12:10.446000,602e748dc94ca760c6c0f579,64f9c99c-db8d-4157-993e-5e317f9bf37b,bauge-en-anjou
20005270200012,ENFANCE,1331,13 - Subventions d'investissement,64100,investissement,recette,116854.5,,,,,,,,,,,,,,,2021-02-18T15:12:10.446000,602e748dc94ca760c6c0f579,64f9c99c-db8d-4157-993e-5e317f9bf37b,bauge-en-anjou
20005270200012,PATRIMOINE,1331,13 - Subventions d'investissement,51100,investissement,recette,22312.5,,,,,,,,,,,,,,,2021-02-18T15:12:10.446000,602e748dc94ca760c6c0f579,64f9c99c-db8d-4157-993e-5e317f9bf37b,bauge-en-anjou
20005270200012,SPORTIVE,1331,13 - Subventions d'investissement,40000,investissement,recette,6843.2,,,,,,,,,,,,,,,2021-02-18T15:12:10.446000,602e748dc94ca760c6c0f579,64f9c99c-db8d-4157-993e-5e317f9bf37b,bauge-en-anjou
20005270200012,VOIRIEEV,1331,13 - Subventions d'investissement,02600,investissement,recette,2196.93,,,,,,,,,,,,,,,2021-02-18T15:12:10.446000,602e748dc94ca760c6c0f579,64f9c99c-db8d-4157-993e-5e317f9bf37b,bauge-en-anjou
20005270200012,VOIRIEEV,1331,13 - Subventions d'investissement,02600,investissement,recette,7992.04,,,,,,,,,,,,,,,2021-02-18T15:12:10.446000,602e748dc94ca760c6c0f579,64f9c99c-db8d-4157-993e-5e317f9bf37b,bauge-en-anjou
20005270200012,VOIRIEEV,1331,13 - Subventions d'investissement,02600,investissement,recette,1555.34,,,,,,,,,,,,,,,2021-02-18T15:12:10.446000,602e748dc94ca760c6c0f579,64f9c99c-db8d-4157-993e-5e317f9bf37b,bauge-en-anjou
20005270200012,PATRIMOINE,1331,13 - Subventions d'investissement,02096,investissement,recette,8370.6,,,,,,,,,,,,,,,2021-02-18T15:12:10.446000,602e748dc94ca760c6c0f579,64f9c99c-db8d-4157-993e-5e317f9bf37b,bauge-en-anjou
20005270200012,ECONOMIE,1312,13 - Subventions d'investissement,81000,investissement,recette,55621.88,,,,,,,,,,,,,,,2021-02-18T15:12:10.446000,602e748dc94ca760c6c0f579,64f9c99c-db8d-4157-993e-5e317f9bf37b,bauge-en-anjou
20005270200012,ENFANCE,1312,13 - Subventions d'investissement,64100,investissement,recette,39811,,,,,,,,,,,,,,,2021-02-18T15:12:10.446000,602e748dc94ca760c6c0f579,64f9c99c-db8d-4157-993e-5e317f9bf37b,bauge-en-anjou
20005270200012,FINANCES,280422,040 - Opérat° ordre transfert entre sections,01000,investissement,recette,33.33,,,,,,,,,,,,,,,2021-02-18T15:12:10.446000,602e748dc94ca760c6c0f579,64f9c99c-db8d-4157-993e-5e317f9bf37b,bauge-en-anjou
20005270200012,FINANCES,281531,040 - Opérat° ordre transfert entre sections,01000,investissement,recette,500,,,,,,,,,,,,,,,2021-02-18T15:12:10.446000,602e748dc94ca760c6c0f579,64f9c99c-db8d-4157-993e-5e317f9bf37b,bauge-en-anjou
20005270200012,FINANCES,28151,040 - Opérat° ordre transfert entre sections,01000,investissement,recette,100000,,,,,,,,,,,,,,,2021-02-18T15:12:10.446000,602e748dc94ca760c6c0f579,64f9c99c-db8d-4157-993e-5e317f9bf37b,bauge-en-anjou
20005270200012,FINANCES,28148,040 - Opérat° ordre transfert entre sections,01000,investissement,recette,500,,,,,,,,,,,,,,,2021-02-18T15:12:10.446000,602e748dc94ca760c6c0f579,64f9c99c-db8d-4157-993e-5e317f9bf37b,bauge-en-anjou
20005270200012,FINANCES,28138,040 - Opérat° ordre transfert entre sections,70000,investissement,recette,60000,,,,,,,,,,,,,,,2021-02-18T15:12:10.446000,602e748dc94ca760c6c0f579,64f9c99c-db8d-4157-993e-5e317f9bf37b,bauge-en-anjou
20005270200012,FINANCES,28135,040 - Opérat° ordre transfert entre sections,02070,investissement,recette,60000,,,,,,,,,,,,,,,2021-02-18T15:12:10.446000,602e748dc94ca760c6c0f579,64f9c99c-db8d-4157-993e-5e317f9bf37b,bauge-en-anjou
20005270200012,FINANCES,28132,040 - Opérat° ordre transfert entre sections,01000,investissement,recette,60000,,,,,,,,,,,,,,,2021-02-18T15:12:10.446000,602e748dc94ca760c6c0f579,64f9c99c-db8d-4157-993e-5e317f9bf37b,bauge-en-anjou
20005270200012,FINANCES,281318,040 - Opérat° ordre transfert entre sections,01000,investissement,recette,300000,,,,,,,,,,,,,,,2021-02-18T15:12:10.446000,602e748dc94ca760c6c0f579,64f9c99c-db8d-4157-993e-5e317f9bf37b,bauge-en-anjou
20005270200012,FINANCES,281316,040 - Opérat° ordre transfert entre sections,02600,investissement,recette,40000,,,,,,,,,,,,,,,2021-02-18T15:12:10.446000,602e748dc94ca760c6c0f579,64f9c99c-db8d-4157-993e-5e317f9bf37b,bauge-en-anjou
20005270200012,FINANCES,281312,040 - Opérat° ordre transfert entre sections,20000,investissement,recette,40000,,,,,,,,,,,,,,,2021-02-18T15:12:10.446000,602e748dc94ca760c6c0f579,64f9c99c-db8d-4157-993e-5e317f9bf37b,bauge-en-anjou
20005270200012,FINANCES,281311,040 - Opérat° ordre transfert entre sections,02080,investissement,recette,40000,,,,,,,,,,,,,,,2021-02-18T15:12:10.446000,602e748dc94ca760c6c0f579,64f9c99c-db8d-4157-993e-5e317f9bf37b,bauge-en-anjou
20005270200012,FINANCES,28128,040 - Opérat° ordre transfert entre sections,01000,investissement,recette,50000,,,,,,,,,,,,,,,2021-02-18T15:12:10.446000,602e748dc94ca760c6c0f579,64f9c99c-db8d-4157-993e-5e317f9bf37b,bauge-en-anjou
20005270200012,FINANCES,28121,040 - Opérat° ordre transfert entre sections,01000,investissement,recette,2300,,,,,,,,,,,,,,,2021-02-18T15:12:10.446000,602e748dc94ca760c6c0f579,64f9c99c-db8d-4157-993e-5e317f9bf37b,bauge-en-anjou
20005270200012,FINANCES,28088,040 - Opérat° ordre transfert entre sections,01000,investissement,recette,3300,,,,,,,,,,,,,,,2021-02-18T15:12:10.446000,602e748dc94ca760c6c0f579,64f9c99c-db8d-4157-993e-5e317f9bf37b,bauge-en-anjou
20005270200012,FINANCES,28051,040 - Opérat° ordre transfert entre sections,01000,investissement,recette,28000,,,,,,,,,,,,,,,2021-02-18T15:12:10.446000,602e748dc94ca760c6c0f579,64f9c99c-db8d-4157-993e-5e317f9bf37b,bauge-en-anjou
20005270200012,FINANCES,2804412,040 - Opérat° ordre transfert entre sections,22000,investissement,recette,3528.16,,,,,,,,,,,,,,,2021-02-18T15:12:10.446000,602e748dc94ca760c6c0f579,64f9c99c-db8d-4157-993e-5e317f9bf37b,bauge-en-anjou
20005270200012,FINANCES,2804412,040 - Opérat° ordre transfert entre sections,01000,investissement,recette,71.84,,,,,,,,,,,,,,,2021-02-18T15:12:10.446000,602e748dc94ca760c6c0f579,64f9c99c-db8d-4157-993e-5e317f9bf37b,bauge-en-anjou
20005270200012,FINANCES,280422,040 - Opérat° ordre transfert entre sections,90000,investissement,recette,500,,,,,,,,,,,,,,,2021-02-18T15:12:10.446000,602e748dc94ca760c6c0f579,64f9c99c-db8d-4157-993e-5e317f9bf37b,bauge-en-anjou
20005270200012,FINANCES,280422,040 - Opérat° ordre transfert entre sections,71000,investissement,recette,18466.67,,,,,,,,,,,,,,,2021-02-18T15:12:10.446000,602e748dc94ca760c6c0f579,64f9c99c-db8d-4157-993e-5e317f9bf37b,bauge-en-anjou
20005270200012,FINANCES,28152,040 - Opérat° ordre transfert entre sections,01000,investissement,recette,150000,,,,,,,,,,,,,,,2021-02-18T15:12:10.446000,602e748dc94ca760c6c0f579,64f9c99c-db8d-4157-993e-5e317f9bf37b,bauge-en-anjou
20005270200012,FINANCES,281533,040 - Opérat° ordre transfert entre sections,01000,investissement,recette,100,,,,,,,,,,,,,,,2021-02-18T15:12:10.446000,602e748dc94ca760c6c0f579,64f9c99c-db8d-4157-993e-5e317f9bf37b,bauge-en-anjou
20005270200012,TOURISME,1312,13 - Subventions d'investissement,33100,investissement,recette,228351,,,,,,,,,,,,,,,2021-02-18T15:12:10.446000,602e748dc94ca760c6c0f579,64f9c99c-db8d-4157-993e-5e317f9bf37b,bauge-en-anjou
20005270200012,FINANCES,281534,040 - Opérat° ordre transfert entre sections,01000,investissement,recette,60000,,,,,,,,,,,,,,,2021-02-18T15:12:10.446000,602e748dc94ca760c6c0f579,64f9c99c-db8d-4157-993e-5e317f9bf37b,bauge-en-anjou
20005270200012,PATRIMOINE,1312,13 - Subventions d'investissement,02096,investissement,recette,223810,,,,,,,,,,,,,,,2021-02-18T15:12:10.446000,602e748dc94ca760c6c0f579,64f9c99c-db8d-4157-993e-5e317f9bf37b,bauge-en-anjou
20005270200012,TOURISME,1311,13 - Subventions d'investissement,33100,investissement,recette,51088.5,,,,,,,,,,,,,,,2021-02-18T15:12:10.446000,602e748dc94ca760c6c0f579,64f9c99c-db8d-4157-993e-5e317f9bf37b,bauge-en-anjou
20005270200012,PATRIMOINE,1311,13 - Subventions d'investissement,03100,investissement,recette,393727.52,,,,,,,,,,,,,,,2021-02-18T15:12:10.446000,602e748dc94ca760c6c0f579,64f9c99c-db8d-4157-993e-5e317f9bf37b,bauge-en-anjou
20005270200012,FINANCES,1068,"10 - Dotations, fonds divers et réserves",01000,investissement,recette,3134877.91,,,,,,,,,,,,,,,2021-02-18T15:12:10.446000,602e748dc94ca760c6c0f579,64f9c99c-db8d-4157-993e-5e317f9bf37b,bauge-en-anjou
20005270200012,FINANCES,10226,"10 - Dotations, fonds divers et réserves",01000,investissement,recette,45000,,,,,,,,,,,,,,,2021-02-18T15:12:10.446000,602e748dc94ca760c6c0f579,64f9c99c-db8d-4157-993e-5e317f9bf37b,bauge-en-anjou
20005270200012,FINANCES,10222,"10 - Dotations, fonds divers et réserves",01000,investissement,recette,450000,,,,,,,,,,,,,,,2021-02-18T15:12:10.446000,602e748dc94ca760c6c0f579,64f9c99c-db8d-4157-993e-5e317f9bf37b,bauge-en-anjou
20005270200012,FINANCES,28188,040 - Opérat° ordre transfert entre sections,01000,investissement,recette,34300,,,,,,,,,,,,,,,2021-02-18T15:12:10.446000,602e748dc94ca760c6c0f579,64f9c99c-db8d-4157-993e-5e317f9bf37b,bauge-en-anjou
20005270200012,FINANCES,28184,040 - Opérat° ordre transfert entre sections,01000,investissement,recette,30000,,,,,,,,,,,,,,,2021-02-18T15:12:10.446000,602e748dc94ca760c6c0f579,64f9c99c-db8d-4157-993e-5e317f9bf37b,bauge-en-anjou
20005270200012,FINANCES,28183,040 - Opérat° ordre transfert entre sections,01000,investissement,recette,50000,,,,,,,,,,,,,,,2021-02-18T15:12:10.446000,602e748dc94ca760c6c0f579,64f9c99c-db8d-4157-993e-5e317f9bf37b,bauge-en-anjou
20005270200012,FINANCES,28182,040 - Opérat° ordre transfert entre sections,01000,investissement,recette,50000,,,,,,,,,,,,,,,2021-02-18T15:12:10.446000,602e748dc94ca760c6c0f579,64f9c99c-db8d-4157-993e-5e317f9bf37b,bauge-en-anjou
20005270200012,FINANCES,28181,040 - Opérat° ordre transfert entre sections,01000,investissement,recette,7000,,,,,,,,,,,,,,,2021-02-18T15:12:10.446000,602e748dc94ca760c6c0f579,64f9c99c-db8d-4157-993e-5e317f9bf37b,bauge-en-anjou
20005270200012,FINANCES,28158,040 - Opérat° ordre transfert entre sections,01000,investissement,recette,25000,,,,,,,,,,,,,,,2021-02-18T15:12:10.446000,602e748dc94ca760c6c0f579,64f9c99c-db8d-4157-993e-5e317f9bf37b,bauge-en-anjou
20005270200012,FINANCES,281578,040 - Opérat° ordre transfert entre sections,01000,investissement,recette,2500,,,,,,,,,,,,,,,2021-02-18T15:12:10.446000,602e748dc94ca760c6c0f579,64f9c99c-db8d-4157-993e-5e317f9bf37b,bauge-en-anjou
20005270200012,FINANCES,281571,040 - Opérat° ordre transfert entre sections,01000,investissement,recette,35000,,,,,,,,,,,,,,,2021-02-18T15:12:10.446000,602e748dc94ca760c6c0f579,64f9c99c-db8d-4157-993e-5e317f9bf37b,bauge-en-anjou
20005270200012,FINANCES,281568,040 - Opérat° ordre transfert entre sections,01000,investissement,recette,6000,,,,,,,,,,,,,,,2021-02-18T15:12:10.446000,602e748dc94ca760c6c0f579,64f9c99c-db8d-4157-993e-5e317f9bf37b,bauge-en-anjou
20005270200012,FINANCES,281561,040 - Opérat° ordre transfert entre sections,01000,investissement,recette,8000,,,,,,,,,,,,,,,2021-02-18T15:12:10.446000,602e748dc94ca760c6c0f579,64f9c99c-db8d-4157-993e-5e317f9bf37b,bauge-en-anjou
20005270200012,FINANCES,281538,040 - Opérat° ordre transfert entre sections,01000,investissement,recette,25000,,,,,,,,,,,,,,,2021-02-18T15:12:10.446000,602e748dc94ca760c6c0f579,64f9c99c-db8d-4157-993e-5e317f9bf37b,bauge-en-anjou
20005270200012,EQUIPEMENT,2184,21 - Immobilisations corporelles,95000,investissement,dépense,1000,,,,,,,,,,,,,,,2021-02-18T15:12:10.446000,602e748dc94ca760c6c0f579,64f9c99c-db8d-4157-993e-5e317f9bf37b,bauge-en-anjou
20005270200012,SPORTIVE,2184,21 - Immobilisations corporelles,30000,investissement,dépense,5140,,,,,,,,,,,,,,,2021-02-18T15:12:10.446000,602e748dc94ca760c6c0f579,64f9c99c-db8d-4157-993e-5e317f9bf37b,bauge-en-anjou
20005270200012,FINANCES,13911,040 - Opérat° ordre transfert entre sections,01000,investissement,dépense,95478.55,,,,,,,,,,,,,,,2021-02-18T15:12:10.446000,602e748dc94ca760c6c0f579,64f9c99c-db8d-4157-993e-5e317f9bf37b,bauge-en-anjou
20005270200012,FINANCES,2051,20 - Immobilisations incorporelles,02000,investissement,dépense,800,,,,,,,,,,,,,,,2021-02-18T15:12:10.446000,602e748dc94ca760c6c0f579,64f9c99c-db8d-4157-993e-5e317f9bf37b,bauge-en-anjou
20005270200012,COMMUNICAT,2051,20 - Immobilisations incorporelles,02300,investissement,dépense,10000,,,,,,,,,,,,,,,2021-02-18T15:12:10.446000,602e748dc94ca760c6c0f579,64f9c99c-db8d-4157-993e-5e317f9bf37b,bauge-en-anjou
20005270200012,COMMUNICAT,2051,20 - Immobilisations incorporelles,02300,investissement,dépense,4000,,,,,,,,,,,,,,,2021-02-18T15:12:10.446000,602e748dc94ca760c6c0f579,64f9c99c-db8d-4157-993e-5e317f9bf37b,bauge-en-anjou
20005270200012,FINANCES,2051,20 - Immobilisations incorporelles,02020,investissement,dépense,13600,,,,,,,,,,,,,,,2021-02-18T15:12:10.446000,602e748dc94ca760c6c0f579,64f9c99c-db8d-4157-993e-5e317f9bf37b,bauge-en-anjou
20005270200012,FINANCES,2051,20 - Immobilisations incorporelles,02020,investissement,dépense,2000,,,,,,,,,,,,,,,2021-02-18T15:12:10.446000,602e748dc94ca760c6c0f579,64f9c99c-db8d-4157-993e-5e317f9bf37b,bauge-en-anjou
20005270200012,FINANCES,2051,20 - Immobilisations incorporelles,02020,investissement,dépense,5000,,,,,,,,,,,,,,,2021-02-18T15:12:10.446000,602e748dc94ca760c6c0f579,64f9c99c-db8d-4157-993e-5e317f9bf37b,bauge-en-anjou
20005270200012,FINANCES,2051,20 - Immobilisations incorporelles,02020,investissement,dépense,13000,,,,,,,,,,,,,,,2021-02-18T15:12:10.446000,602e748dc94ca760c6c0f579,64f9c99c-db8d-4157-993e-5e317f9bf37b,bauge-en-anjou
20005270200012,FINANCES,2051,20 - Immobilisations incorporelles,02000,investissement,dépense,1420,,,,,,,,,,,,,,,2021-02-18T15:12:10.446000,602e748dc94ca760c6c0f579,64f9c99c-db8d-4157-993e-5e317f9bf37b,bauge-en-anjou
20005270200012,FINANCES,2051,20 - Immobilisations incorporelles,02000,investissement,dépense,660,,,,,,,,,,,,,,,2021-02-18T15:12:10.446000,602e748dc94ca760c6c0f579,64f9c99c-db8d-4157-993e-5e317f9bf37b,bauge-en-anjou
20005270200012,FINANCES,2051,20 - Immobilisations incorporelles,02000,investissement,dépense,6800,,,,,,,,,,,,,,,2021-02-18T15:12:10.446000,602e748dc94ca760c6c0f579,64f9c99c-db8d-4157-993e-5e317f9bf37b,bauge-en-anjou
20005270200012,PATRIMOINE,2184,21 - Immobilisations corporelles,02096,investissement,dépense,5000,,,,,,,,,,,,,,,2021-02-18T15:12:10.446000,602e748dc94ca760c6c0f579,64f9c99c-db8d-4157-993e-5e317f9bf37b,bauge-en-anjou
20005270200012,ENVIRONNEM,2031,20 - Immobilisations incorporelles,83100,investissement,dépense,5000,,,,,,,,,,,,,,,2021-02-18T15:12:10.446000,602e748dc94ca760c6c0f579,64f9c99c-db8d-4157-993e-5e317f9bf37b,bauge-en-anjou
20005270200012,ENVIRONNEM,2031,20 - Immobilisations incorporelles,83000,investissement,dépense,0,,,,,,,,,,,,,,,2021-02-18T15:12:10.446000,602e748dc94ca760c6c0f579,64f9c99c-db8d-4157-993e-5e317f9bf37b,bauge-en-anjou
20005270200012,VOIRIEEV,2031,20 - Immobilisations incorporelles,82200,investissement,dépense,40000,,,,,,,,,,,,,,,2021-02-18T15:12:10.446000,602e748dc94ca760c6c0f579,64f9c99c-db8d-4157-993e-5e317f9bf37b,bauge-en-anjou
20005270200012,VOIRIEEV,2031,20 - Immobilisations incorporelles,81700,investissement,dépense,10000,,,,,,,,,,,,,,,2021-02-18T15:12:10.446000,602e748dc94ca760c6c0f579,64f9c99c-db8d-4157-993e-5e317f9bf37b,bauge-en-anjou
20005270200012,VOIRIEEV,2031,20 - Immobilisations incorporelles,81400,investissement,dépense,24000,,,,,,,,,,,,,,,2021-02-18T15:12:10.446000,602e748dc94ca760c6c0f579,64f9c99c-db8d-4157-993e-5e317f9bf37b,bauge-en-anjou
20005270200012,TERRITOIRE,2031,20 - Immobilisations incorporelles,81000,investissement,dépense,30000,,,,,,,,,,,,,,,2021-02-18T15:12:10.446000,602e748dc94ca760c6c0f579,64f9c99c-db8d-4157-993e-5e317f9bf37b,bauge-en-anjou
20005270200012,SPORTIVE,2031,20 - Immobilisations incorporelles,40000,investissement,dépense,10000,,,,,,,,,,,,,,,2021-02-18T15:12:10.446000,602e748dc94ca760c6c0f579,64f9c99c-db8d-4157-993e-5e317f9bf37b,bauge-en-anjou
20005270200012,PATRIMOINE,2031,20 - Immobilisations incorporelles,02090,investissement,dépense,45000,,,,,,,,,,,,,,,2021-02-18T15:12:10.446000,602e748dc94ca760c6c0f579,64f9c99c-db8d-4157-993e-5e317f9bf37b,bauge-en-anjou
20005270200012,VOIRIEEV,2088,20 - Immobilisations incorporelles,11200,investissement,dépense,34000,,,,,,,,,,,,,,,2021-02-18T15:12:10.446000,602e748dc94ca760c6c0f579,64f9c99c-db8d-4157-993e-5e317f9bf37b,bauge-en-anjou
20005270200012,TOURISME,2088,20 - Immobilisations incorporelles,33100,investissement,dépense,29000,,,,,,,,,,,,,,,2021-02-18T15:12:10.446000,602e748dc94ca760c6c0f579,64f9c99c-db8d-4157-993e-5e317f9bf37b,bauge-en-anjou
20005270200012,VOIRIEEV,2041582,204 - Subventions d'équipement versées,81400,investissement,dépense,15000,,,,,,,,,,,,,,,2021-02-18T15:12:10.446000,602e748dc94ca760c6c0f579,64f9c99c-db8d-4157-993e-5e317f9bf37b,bauge-en-anjou
20005270200012,VOIRIEEV,2041582,204 - Subventions d'équipement versées,81400,investissement,dépense,118000,,,,,,,,,,,,,,,2021-02-18T15:12:10.446000,602e748dc94ca760c6c0f579,64f9c99c-db8d-4157-993e-5e317f9bf37b,bauge-en-anjou
20005270200012,ENVIRONNEM,2128,21 - Immobilisations corporelles,83000,investissement,dépense,137000,,,,,,,,,,,,,,,2021-02-18T15:12:10.446000,602e748dc94ca760c6c0f579,64f9c99c-db8d-4157-993e-5e317f9bf37b,bauge-en-anjou
20005270200012,VOIRIEEV,2128,21 - Immobilisations corporelles,82300,investissement,dépense,17000,,,,,,,,,,,,,,,2021-02-18T15:12:10.446000,602e748dc94ca760c6c0f579,64f9c99c-db8d-4157-993e-5e317f9bf37b,bauge-en-anjou
20005270200012,VOIRIEEV,2128,21 - Immobilisations corporelles,82200,investissement,dépense,22050,,,,,,,,,,,,,,,2021-02-18T15:12:10.446000,602e748dc94ca760c6c0f579,64f9c99c-db8d-4157-993e-5e317f9bf37b,bauge-en-anjou
20005270200012,TERRITOIRE,2128,21 - Immobilisations corporelles,81000,investissement,dépense,5400,,,,,,,,,,,,,,,2021-02-18T15:12:10.446000,602e748dc94ca760c6c0f579,64f9c99c-db8d-4157-993e-5e317f9bf37b,bauge-en-anjou
20005270200012,SPORTIVE,2128,21 - Immobilisations corporelles,40000,investissement,dépense,5000,,,,,,,,,,,,,,,2021-02-18T15:12:10.446000,602e748dc94ca760c6c0f579,64f9c99c-db8d-4157-993e-5e317f9bf37b,bauge-en-anjou
20005270200012,SPORTIVE,2128,21 - Immobilisations corporelles,40000,investissement,dépense,1000,,,,,,,,,,,,,,,2021-02-18T15:12:10.446000,602e748dc94ca760c6c0f579,64f9c99c-db8d-4157-993e-5e317f9bf37b,bauge-en-anjou
20005270200012,EQUIPEMENT,2128,21 - Immobilisations corporelles,40000,investissement,dépense,3000,,,,,,,,,,,,,,,2021-02-18T15:12:10.446000,602e748dc94ca760c6c0f579,64f9c99c-db8d-4157-993e-5e317f9bf37b,bauge-en-anjou
20005270200012,ENFANCE,2128,21 - Immobilisations corporelles,40000,investissement,dépense,55000,,,,,,,,,,,,,,,2021-02-18T15:12:10.446000,602e748dc94ca760c6c0f579,64f9c99c-db8d-4157-993e-5e317f9bf37b,bauge-en-anjou
20005270200012,SPORTIVE,2128,21 - Immobilisations corporelles,40000,investissement,dépense,16000,,,,,,,,,,,,,,,2021-02-18T15:12:10.446000,602e748dc94ca760c6c0f579,64f9c99c-db8d-4157-993e-5e317f9bf37b,bauge-en-anjou
20005270200012,PROXIMITE,2128,21 - Immobilisations corporelles,02011,investissement,dépense,60000,,,,,,,,,,,,,,,2021-02-18T15:12:10.446000,602e748dc94ca760c6c0f579,64f9c99c-db8d-4157-993e-5e317f9bf37b,bauge-en-anjou
20005270200012,ECONOMIE,2115,21 - Immobilisations corporelles,81000,investissement,dépense,50000,,,,,,,,,,,,,,,2021-02-18T15:12:10.446000,602e748dc94ca760c6c0f579,64f9c99c-db8d-4157-993e-5e317f9bf37b,bauge-en-anjou
20005270200012,PATRIMOINE,2115,21 - Immobilisations corporelles,02093,investissement,dépense,5000,,,,,,,,,,,,,,,2021-02-18T15:12:10.446000,602e748dc94ca760c6c0f579,64f9c99c-db8d-4157-993e-5e317f9bf37b,bauge-en-anjou
20005270200012,TERRITOIRE,2111,21 - Immobilisations corporelles,81000,investissement,dépense,74070,,,,,,,,,,,,,,,2021-02-18T15:12:10.446000,602e748dc94ca760c6c0f579,64f9c99c-db8d-4157-993e-5e317f9bf37b,bauge-en-anjou
20005270200012,SOCIAL,20422,204 - Subventions d'équipement versées,61000,investissement,dépense,85000,,,,,,,,,,,,,,,2021-02-18T15:12:10.446000,602e748dc94ca760c6c0f579,64f9c99c-db8d-4157-993e-5e317f9bf37b,bauge-en-anjou
20005270200012,TERRITOIRE,204172,204 - Subventions d'équipement versées,81000,investissement,dépense,55000,,,,,,,,,,,,,,,2021-02-18T15:12:10.446000,602e748dc94ca760c6c0f579,64f9c99c-db8d-4157-993e-5e317f9bf37b,bauge-en-anjou
20005270200012,VOIRIEEV,2041582,204 - Subventions d'équipement versées,81400,investissement,dépense,20000,,,,,,,,,,,,,,,2021-02-18T15:12:10.446000,602e748dc94ca760c6c0f579,64f9c99c-db8d-4157-993e-5e317f9bf37b,bauge-en-anjou
20005270200012,VOIRIEEV,2041582,204 - Subventions d'équipement versées,81400,investissement,dépense,10000,,,,,,,,,,,,,,,2021-02-18T15:12:10.446000,602e748dc94ca760c6c0f579,64f9c99c-db8d-4157-993e-5e317f9bf37b,bauge-en-anjou
20005270200012,TERRITOIRE,202,20 - Immobilisations incorporelles,81000,investissement,dépense,40000,,,,,,,,,,,,,,,2021-02-18T15:12:10.446000,602e748dc94ca760c6c0f579,64f9c99c-db8d-4157-993e-5e317f9bf37b,bauge-en-anjou
20005270200012,FINANCES,16878,16 - Emprunts et dettes assimilées,42100,investissement,dépense,5000,,,,,,,,,,,,,,,2021-02-18T15:12:10.446000,602e748dc94ca760c6c0f579,64f9c99c-db8d-4157-993e-5e317f9bf37b,bauge-en-anjou
20005270200012,FINANCES,1672,16 - Emprunts et dettes assimilées,01000,investissement,dépense,3486.55,,,,,,,,,,,,,,,2021-02-18T15:12:10.446000,602e748dc94ca760c6c0f579,64f9c99c-db8d-4157-993e-5e317f9bf37b,bauge-en-anjou
20005270200012,FINANCES,1641,16 - Emprunts et dettes assimilées,01000,investissement,dépense,9728.47,,,,,,,,,,,,,,,2021-02-18T15:12:10.446000,602e748dc94ca760c6c0f579,64f9c99c-db8d-4157-993e-5e317f9bf37b,bauge-en-anjou
20005270200012,VOIRIEEV,2315,040 - Opérat° ordre transfert entre sections,82200,investissement,dépense,200000,,,,,,,,,,,,,,,2021-02-18T15:12:10.446000,602e748dc94ca760c6c0f579,64f9c99c-db8d-4157-993e-5e317f9bf37b,bauge-en-anjou
20005270200012,PATRIMOINE,21318,040 - Opérat° ordre transfert entre sections,02090,investissement,dépense,50000,,,,,,,,,,,,,,,2021-02-18T15:12:10.446000,602e748dc94ca760c6c0f579,64f9c99c-db8d-4157-993e-5e317f9bf37b,bauge-en-anjou
20005270200012,VOIRIEEV,2128,040 - Opérat° ordre transfert entre sections,82300,investissement,dépense,50000,,,,,,,,,,,,,,,2021-02-18T15:12:10.446000,602e748dc94ca760c6c0f579,64f9c99c-db8d-4157-993e-5e317f9bf37b,bauge-en-anjou
20005270200012,FINANCES,13932,040 - Opérat° ordre transfert entre sections,01000,investissement,dépense,50000,,,,,,,,,,,,,,,2021-02-18T15:12:10.446000,602e748dc94ca760c6c0f579,64f9c99c-db8d-4157-993e-5e317f9bf37b,bauge-en-anjou
20005270200012,FINANCES,13918,040 - Opérat° ordre transfert entre sections,01000,investissement,dépense,50000,,,,,,,,,,,,,,,2021-02-18T15:12:10.446000,602e748dc94ca760c6c0f579,64f9c99c-db8d-4157-993e-5e317f9bf37b,bauge-en-anjou
20005270200012,FINANCES,13916,040 - Opérat° ordre transfert entre sections,81000,investissement,dépense,3360,,,,,,,,,,,,,,,2021-02-18T15:12:10.446000,602e748dc94ca760c6c0f579,64f9c99c-db8d-4157-993e-5e317f9bf37b,bauge-en-anjou
20005270200012,FINANCES,13916,040 - Opérat° ordre transfert entre sections,01000,investissement,dépense,71640,,,,,,,,,,,,,,,2021-02-18T15:12:10.446000,602e748dc94ca760c6c0f579,64f9c99c-db8d-4157-993e-5e317f9bf37b,bauge-en-anjou
20005270200012,FINANCES,13913,040 - Opérat° ordre transfert entre sections,83000,investissement,dépense,3764.6,,,,,,,,,,,,,,,2021-02-18T15:12:10.446000,602e748dc94ca760c6c0f579,64f9c99c-db8d-4157-993e-5e317f9bf37b,bauge-en-anjou
20005270200012,FINANCES,13913,040 - Opérat° ordre transfert entre sections,82200,investissement,dépense,265,,,,,,,,,,,,,,,2021-02-18T15:12:10.446000,602e748dc94ca760c6c0f579,64f9c99c-db8d-4157-993e-5e317f9bf37b,bauge-en-anjou
20005270200012,FINANCES,13913,040 - Opérat° ordre transfert entre sections,81000,investissement,dépense,9777.77,,,,,,,,,,,,,,,2021-02-18T15:12:10.446000,602e748dc94ca760c6c0f579,64f9c99c-db8d-4157-993e-5e317f9bf37b,bauge-en-anjou
20005270200012,FINANCES,13913,040 - Opérat° ordre transfert entre sections,32200,investissement,dépense,750,,,,,,,,,,,,,,,2021-02-18T15:12:10.446000,602e748dc94ca760c6c0f579,64f9c99c-db8d-4157-993e-5e317f9bf37b,bauge-en-anjou
20005270200012,FINANCES,13913,040 - Opérat° ordre transfert entre sections,01000,investissement,dépense,60442.63,,,,,,,,,,,,,,,2021-02-18T15:12:10.446000,602e748dc94ca760c6c0f579,64f9c99c-db8d-4157-993e-5e317f9bf37b,bauge-en-anjou
20005270200012,FINANCES,13912,040 - Opérat° ordre transfert entre sections,83000,investissement,dépense,3944.24,,,,,,,,,,,,,,,2021-02-18T15:12:10.446000,602e748dc94ca760c6c0f579,64f9c99c-db8d-4157-993e-5e317f9bf37b,bauge-en-anjou
20005270200012,FINANCES,13912,040 - Opérat° ordre transfert entre sections,01000,investissement,dépense,46055.76,,,,,,,,,,,,,,,2021-02-18T15:12:10.446000,602e748dc94ca760c6c0f579,64f9c99c-db8d-4157-993e-5e317f9bf37b,bauge-en-anjou
20005270200012,FINANCES,13911,040 - Opérat° ordre transfert entre sections,81000,investissement,dépense,1762.39,,,,,,,,,,,,,,,2021-02-18T15:12:10.446000,602e748dc94ca760c6c0f579,64f9c99c-db8d-4157-993e-5e317f9bf37b,bauge-en-anjou
20005270200012,FINANCES,13911,040 - Opérat° ordre transfert entre sections,33100,investissement,dépense,1759.06,,,,,,,,,,,,,,,2021-02-18T15:12:10.446000,602e748dc94ca760c6c0f579,64f9c99c-db8d-4157-993e-5e317f9bf37b,bauge-en-anjou
20005270200012,FINANCES,13911,040 - Opérat° ordre transfert entre sections,32200,investissement,dépense,1000,,,,,,,,,,,,,,,2021-02-18T15:12:10.446000,602e748dc94ca760c6c0f579,64f9c99c-db8d-4157-993e-5e317f9bf37b,bauge-en-anjou
20005270200012,FINANCES,1641,16 - Emprunts et dettes assimilées,01000,investissement,dépense,395081.75,,,,,,,,,,,,,,,2021-02-18T15:12:10.446000,602e748dc94ca760c6c0f579,64f9c99c-db8d-4157-993e-5e317f9bf37b,bauge-en-anjou
20005270200012,FINANCES,1641,16 - Emprunts et dettes assimilées,02000,investissement,dépense,5749.32,,,,,,,,,,,,,,,2021-02-18T15:12:10.446000,602e748dc94ca760c6c0f579,64f9c99c-db8d-4157-993e-5e317f9bf37b,bauge-en-anjou
20005270200012,FINANCES,165,16 - Emprunts et dettes assimilées,01000,investissement,dépense,5000,,,,,,,,,,,,,,,2021-02-18T15:12:10.446000,602e748dc94ca760c6c0f579,64f9c99c-db8d-4157-993e-5e317f9bf37b,bauge-en-anjou
20005270200012,FINANCES,1641,16 - Emprunts et dettes assimilées,02010,investissement,dépense,72483.39,,,,,,,,,,,,,,,2021-02-18T15:12:10.446000,602e748dc94ca760c6c0f579,64f9c99c-db8d-4157-993e-5e317f9bf37b,bauge-en-anjou
20005270200012,FINANCES,16441,16 - Emprunts et dettes assimilées,81000,investissement,dépense,45478.31,,,,,,,,,,,,,,,2021-02-18T15:12:10.446000,602e748dc94ca760c6c0f579,64f9c99c-db8d-4157-993e-5e317f9bf37b,bauge-en-anjou
20005270200012,FINANCES,16441,16 - Emprunts et dettes assimilées,40000,investissement,dépense,48666.18,,,,,,,,,,,,,,,2021-02-18T15:12:10.446000,602e748dc94ca760c6c0f579,64f9c99c-db8d-4157-993e-5e317f9bf37b,bauge-en-anjou
20005270200012,FINANCES,16441,16 - Emprunts et dettes assimilées,02093,investissement,dépense,26666.67,,,,,,,,,,,,,,,2021-02-18T15:12:10.446000,602e748dc94ca760c6c0f579,64f9c99c-db8d-4157-993e-5e317f9bf37b,bauge-en-anjou
20005270200012,FINANCES,16441,16 - Emprunts et dettes assimilées,02091,investissement,dépense,27586,,,,,,,,,,,,,,,2021-02-18T15:12:10.446000,602e748dc94ca760c6c0f579,64f9c99c-db8d-4157-993e-5e317f9bf37b,bauge-en-anjou
20005270200012,FINANCES,16441,16 - Emprunts et dettes assimilées,02091,investissement,dépense,15846,,,,,,,,,,,,,,,2021-02-18T15:12:10.446000,602e748dc94ca760c6c0f579,64f9c99c-db8d-4157-993e-5e317f9bf37b,bauge-en-anjou
20005270200012,FINANCES,16441,16 - Emprunts et dettes assimilées,01000,investissement,dépense,52000,,,,,,,,,,,,,,,2021-02-18T15:12:10.446000,602e748dc94ca760c6c0f579,64f9c99c-db8d-4157-993e-5e317f9bf37b,bauge-en-anjou
20005270200012,FINANCES,1641,16 - Emprunts et dettes assimilées,90000,investissement,dépense,9937.43,,,,,,,,,,,,,,,2021-02-18T15:12:10.446000,602e748dc94ca760c6c0f579,64f9c99c-db8d-4157-993e-5e317f9bf37b,bauge-en-anjou
20005270200012,FINANCES,1641,16 - Emprunts et dettes assimilées,90000,investissement,dépense,55286.1,,,,,,,,,,,,,,,2021-02-18T15:12:10.446000,602e748dc94ca760c6c0f579,64f9c99c-db8d-4157-993e-5e317f9bf37b,bauge-en-anjou
20005270200012,FINANCES,1641,16 - Emprunts et dettes assimilées,81000,investissement,dépense,84788.64,,,,,,,,,,,,,,,2021-02-18T15:12:10.446000,602e748dc94ca760c6c0f579,64f9c99c-db8d-4157-993e-5e317f9bf37b,bauge-en-anjou
20005270200012,FINANCES,1641,16 - Emprunts et dettes assimilées,51100,investissement,dépense,86003.12,,,,,,,,,,,,,,,2021-02-18T15:12:10.446000,602e748dc94ca760c6c0f579,64f9c99c-db8d-4157-993e-5e317f9bf37b,bauge-en-anjou
20005270200012,FINANCES,1641,16 - Emprunts et dettes assimilées,42100,investissement,dépense,75000,,,,,,,,,,,,,,,2021-02-18T15:12:10.446000,602e748dc94ca760c6c0f579,64f9c99c-db8d-4157-993e-5e317f9bf37b,bauge-en-anjou
20005270200012,FINANCES,1641,16 - Emprunts et dettes assimilées,40000,investissement,dépense,32250,,,,,,,,,,,,,,,2021-02-18T15:12:10.446000,602e748dc94ca760c6c0f579,64f9c99c-db8d-4157-993e-5e317f9bf37b,bauge-en-anjou
20005270200012,FINANCES,1641,16 - Emprunts et dettes assimilées,20000,investissement,dépense,106957.33,,,,,,,,,,,,,,,2021-02-18T15:12:10.446000,602e748dc94ca760c6c0f579,64f9c99c-db8d-4157-993e-5e317f9bf37b,bauge-en-anjou
20005270200012,FINANCES,1641,16 - Emprunts et dettes assimilées,02096,investissement,dépense,6624.96,,,,,,,,,,,,,,,2021-02-18T15:12:10.446000,602e748dc94ca760c6c0f579,64f9c99c-db8d-4157-993e-5e317f9bf37b,bauge-en-anjou
20005270200012,FINANCES,1641,16 - Emprunts et dettes assimilées,02080,investissement,dépense,2381.34,,,,,,,,,,,,,,,2021-02-18T15:12:10.446000,602e748dc94ca760c6c0f579,64f9c99c-db8d-4157-993e-5e317f9bf37b,bauge-en-anjou
20005270200012,FINANCES,1641,16 - Emprunts et dettes assimilées,02040,investissement,dépense,6834.94,,,,,,,,,,,,,,,2021-02-18T15:12:10.446000,602e748dc94ca760c6c0f579,64f9c99c-db8d-4157-993e-5e317f9bf37b,bauge-en-anjou
20005270200012,FINANCES,1641,16 - Emprunts et dettes assimilées,02030,investissement,dépense,26163.5,,,,,,,,,,,,,,,2021-02-18T15:12:10.446000,602e748dc94ca760c6c0f579,64f9c99c-db8d-4157-993e-5e317f9bf37b,bauge-en-anjou
20005270200012,ENVIRONNEM,2128,21 - Immobilisations corporelles,83000,investissement,dépense,12000,,,,,,,,,,,,,,,2021-02-18T15:12:10.446000,602e748dc94ca760c6c0f579,64f9c99c-db8d-4157-993e-5e317f9bf37b,bauge-en-anjou
20005270200012,VOIRIEEV,2128,21 - Immobilisations corporelles,83100,investissement,dépense,10000,,,,,,,,,,,,,,,2021-02-18T15:12:10.446000,602e748dc94ca760c6c0f579,64f9c99c-db8d-4157-993e-5e317f9bf37b,bauge-en-anjou
20005270200012,VOIRIEEV,2128,21 - Immobilisations corporelles,83100,investissement,dépense,7820,,,,,,,,,,,,,,,2021-02-18T15:12:10.446000,602e748dc94ca760c6c0f579,64f9c99c-db8d-4157-993e-5e317f9bf37b,bauge-en-anjou
20005270200012,SPORTIVE,21578,21 - Immobilisations corporelles,30000,investissement,dépense,1000,,,,,,,,,,,,,,,2021-02-18T15:12:10.446000,602e748dc94ca760c6c0f579,64f9c99c-db8d-4157-993e-5e317f9bf37b,bauge-en-anjou
20005270200012,VOIRIEEV,21571,21 - Immobilisations corporelles,02061,investissement,dépense,25000,,,,,,,,,,,,,,,2021-02-18T15:12:10.446000,602e748dc94ca760c6c0f579,64f9c99c-db8d-4157-993e-5e317f9bf37b,bauge-en-anjou
20005270200012,VOIRIEEV,21571,21 - Immobilisations corporelles,02061,investissement,dépense,50000,,,,,,,,,,,,,,,2021-02-18T15:12:10.446000,602e748dc94ca760c6c0f579,64f9c99c-db8d-4157-993e-5e317f9bf37b,bauge-en-anjou
20005270200012,VOIRIEEV,21538,21 - Immobilisations corporelles,81700,investissement,dépense,40000,,,,,,,,,,,,,,,2021-02-18T15:12:10.446000,602e748dc94ca760c6c0f579,64f9c99c-db8d-4157-993e-5e317f9bf37b,bauge-en-anjou
20005270200012,VOIRIEEV,21538,21 - Immobilisations corporelles,81700,investissement,dépense,420,,,,,,,,,,,,,,,2021-02-18T15:12:10.446000,602e748dc94ca760c6c0f579,64f9c99c-db8d-4157-993e-5e317f9bf37b,bauge-en-anjou
20005270200012,VOIRIEEV,21538,21 - Immobilisations corporelles,81700,investissement,dépense,25000,,,,,,,,,,,,,,,2021-02-18T15:12:10.446000,602e748dc94ca760c6c0f579,64f9c99c-db8d-4157-993e-5e317f9bf37b,bauge-en-anjou
20005270200012,PATRIMOINE,21538,21 - Immobilisations corporelles,02400,investissement,dépense,15000,,,,,,,,,,,,,,,2021-02-18T15:12:10.446000,602e748dc94ca760c6c0f579,64f9c99c-db8d-4157-993e-5e317f9bf37b,bauge-en-anjou
20005270200012,VOIRIEEV,21534,21 - Immobilisations corporelles,81400,investissement,dépense,20000,,,,,,,,,,,,,,,2021-02-18T15:12:10.446000,602e748dc94ca760c6c0f579,64f9c99c-db8d-4157-993e-5e317f9bf37b,bauge-en-anjou
20005270200012,VOIRIEEV,21534,21 - Immobilisations corporelles,81400,investissement,dépense,18100,,,,,,,,,,,,,,,2021-02-18T15:12:10.446000,602e748dc94ca760c6c0f579,64f9c99c-db8d-4157-993e-5e317f9bf37b,bauge-en-anjou
20005270200012,SPORTIVE,21532,21 - Immobilisations corporelles,40000,investissement,dépense,3000,,,,,,,,,,,,,,,2021-02-18T15:12:10.446000,602e748dc94ca760c6c0f579,64f9c99c-db8d-4157-993e-5e317f9bf37b,bauge-en-anjou
20005270200012,EQUIPEMENT,21531,21 - Immobilisations corporelles,95000,investissement,dépense,8800,,,,,,,,,,,,,,,2021-02-18T15:12:10.446000,602e748dc94ca760c6c0f579,64f9c99c-db8d-4157-993e-5e317f9bf37b,bauge-en-anjou
20005270200012,VOIRIEEV,2138,21 - Immobilisations corporelles,82300,investissement,dépense,30900,,,,,,,,,,,,,,,2021-02-18T15:12:10.446000,602e748dc94ca760c6c0f579,64f9c99c-db8d-4157-993e-5e317f9bf37b,bauge-en-anjou
20005270200012,PATRIMOINE,2138,21 - Immobilisations corporelles,70000,investissement,dépense,4100,,,,,,,,,,,,,,,2021-02-18T15:12:10.446000,602e748dc94ca760c6c0f579,64f9c99c-db8d-4157-993e-5e317f9bf37b,bauge-en-anjou
20005270200012,PATRIMOINE,2138,21 - Immobilisations corporelles,70000,investissement,dépense,4300,,,,,,,,,,,,,,,2021-02-18T15:12:10.446000,602e748dc94ca760c6c0f579,64f9c99c-db8d-4157-993e-5e317f9bf37b,bauge-en-anjou
20005270200012,PATRIMOINE,2138,21 - Immobilisations corporelles,70000,investissement,dépense,1500,,,,,,,,,,,,,,,2021-02-18T15:12:10.446000,602e748dc94ca760c6c0f579,64f9c99c-db8d-4157-993e-5e317f9bf37b,bauge-en-anjou
20005270200012,ENFANCE,2135,21 - Immobilisations corporelles,64100,investissement,dépense,30000,,,,,,,,,,,,,,,2021-02-18T15:12:10.446000,602e748dc94ca760c6c0f579,64f9c99c-db8d-4157-993e-5e317f9bf37b,bauge-en-anjou
20005270200012,EQUIPEMENT,2135,21 - Immobilisations corporelles,40000,investissement,dépense,10000,,,,,,,,,,,,,,,2021-02-18T15:12:10.446000,602e748dc94ca760c6c0f579,64f9c99c-db8d-4157-993e-5e317f9bf37b,bauge-en-anjou
20005270200012,TOURISME,2135,21 - Immobilisations corporelles,32100,investissement,dépense,191000,,,,,,,,,,,,,,,2021-02-18T15:12:10.446000,602e748dc94ca760c6c0f579,64f9c99c-db8d-4157-993e-5e317f9bf37b,bauge-en-anjou
20005270200012,SPORTIVE,21578,21 - Immobilisations corporelles,30000,investissement,dépense,4500,,,,,,,,,,,,,,,2021-02-18T15:12:10.446000,602e748dc94ca760c6c0f579,64f9c99c-db8d-4157-993e-5e317f9bf37b,bauge-en-anjou
20005270200012,EQUIPEMENT,2158,21 - Immobilisations corporelles,02010,investissement,dépense,2000,,,,,,,,,,,,,,,2021-02-18T15:12:10.446000,602e748dc94ca760c6c0f579,64f9c99c-db8d-4157-993e-5e317f9bf37b,bauge-en-anjou
20005270200012,TOURISME,2135,21 - Immobilisations corporelles,02070,investissement,dépense,9300,,,,,,,,,,,,,,,2021-02-18T15:12:10.446000,602e748dc94ca760c6c0f579,64f9c99c-db8d-4157-993e-5e317f9bf37b,bauge-en-anjou
20005270200012,PATRIMOINE,2158,21 - Immobilisations corporelles,02060,investissement,dépense,6100,,,,,,,,,,,,,,,2021-02-18T15:12:10.446000,602e748dc94ca760c6c0f579,64f9c99c-db8d-4157-993e-5e317f9bf37b,bauge-en-anjou
20005270200012,EQUIPEMENT,2184,21 - Immobilisations corporelles,02091,investissement,dépense,1000,,,,,,,,,,,,,,,2021-02-18T15:12:10.446000,602e748dc94ca760c6c0f579,64f9c99c-db8d-4157-993e-5e317f9bf37b,bauge-en-anjou
20005270200012,EQUIPEMENT,2184,21 - Immobilisations corporelles,02010,investissement,dépense,4000,,,,,,,,,,,,,,,2021-02-18T15:12:10.446000,602e748dc94ca760c6c0f579,64f9c99c-db8d-4157-993e-5e317f9bf37b,bauge-en-anjou
20005270200012,FINANCES,2184,21 - Immobilisations corporelles,02000,investissement,dépense,9000,,,,,,,,,,,,,,,2021-02-18T15:12:10.446000,602e748dc94ca760c6c0f579,64f9c99c-db8d-4157-993e-5e317f9bf37b,bauge-en-anjou
20005270200012,PROXIMITE,2183,21 - Immobilisations corporelles,02011,investissement,dépense,6000,,,,,,,,,,,,,,,2021-02-18T15:12:10.446000,602e748dc94ca760c6c0f579,64f9c99c-db8d-4157-993e-5e317f9bf37b,bauge-en-anjou
20005270200012,FINANCES,2183,21 - Immobilisations corporelles,02000,investissement,dépense,16800,,,,,,,,,,,,,,,2021-02-18T15:12:10.446000,602e748dc94ca760c6c0f579,64f9c99c-db8d-4157-993e-5e317f9bf37b,bauge-en-anjou
20005270200012,FINANCES,2183,21 - Immobilisations corporelles,02000,investissement,dépense,6500,,,,,,,,,,,,,,,2021-02-18T15:12:10.446000,602e748dc94ca760c6c0f579,64f9c99c-db8d-4157-993e-5e317f9bf37b,bauge-en-anjou
20005270200012,FINANCES,2183,21 - Immobilisations corporelles,02000,investissement,dépense,27330,,,,,,,,,,,,,,,2021-02-18T15:12:10.446000,602e748dc94ca760c6c0f579,64f9c99c-db8d-4157-993e-5e317f9bf37b,bauge-en-anjou
20005270200012,FINANCES,2183,21 - Immobilisations corporelles,02000,investissement,dépense,1500,,,,,,,,,,,,,,,2021-02-18T15:12:10.446000,602e748dc94ca760c6c0f579,64f9c99c-db8d-4157-993e-5e317f9bf37b,bauge-en-anjou
20005270200012,VOIRIEEV,2182,21 - Immobilisations corporelles,02061,investissement,dépense,11500,,,,,,,,,,,,,,,2021-02-18T15:12:10.446000,602e748dc94ca760c6c0f579,64f9c99c-db8d-4157-993e-5e317f9bf37b,bauge-en-anjou
20005270200012,TOURISME,2161,21 - Immobilisations corporelles,33100,investissement,dépense,5000,,,,,,,,,,,,,,,2021-02-18T15:12:10.446000,602e748dc94ca760c6c0f579,64f9c99c-db8d-4157-993e-5e317f9bf37b,bauge-en-anjou
20005270200012,TOURISME,2161,21 - Immobilisations corporelles,33100,investissement,dépense,10000,,,,,,,,,,,,,,,2021-02-18T15:12:10.446000,602e748dc94ca760c6c0f579,64f9c99c-db8d-4157-993e-5e317f9bf37b,bauge-en-anjou
20005270200012,CULTURE,2161,21 - Immobilisations corporelles,32200,investissement,dépense,2000,,,,,,,,,,,,,,,2021-02-18T15:12:10.446000,602e748dc94ca760c6c0f579,64f9c99c-db8d-4157-993e-5e317f9bf37b,bauge-en-anjou
20005270200012,VOIRIEEV,2158,21 - Immobilisations corporelles,82300,investissement,dépense,20500,,,,,,,,,,,,,,,2021-02-18T15:12:10.446000,602e748dc94ca760c6c0f579,64f9c99c-db8d-4157-993e-5e317f9bf37b,bauge-en-anjou
20005270200012,VOIRIEEV,2158,21 - Immobilisations corporelles,82300,investissement,dépense,3600,,,,,,,,,,,,,,,2021-02-18T15:12:10.446000,602e748dc94ca760c6c0f579,64f9c99c-db8d-4157-993e-5e317f9bf37b,bauge-en-anjou
20005270200012,VOIRIEEV,2158,21 - Immobilisations corporelles,02061,investissement,dépense,19500,,,,,,,,,,,,,,,2021-02-18T15:12:10.446000,602e748dc94ca760c6c0f579,64f9c99c-db8d-4157-993e-5e317f9bf37b,bauge-en-anjou
20005270200012,VOIRIEEV,2158,21 - Immobilisations corporelles,02061,investissement,dépense,2700,,,,,,,,,,,,,,,2021-02-18T15:12:10.446000,602e748dc94ca760c6c0f579,64f9c99c-db8d-4157-993e-5e317f9bf37b,bauge-en-anjou
20005270200012,PATRIMOINE,2158,21 - Immobilisations corporelles,02060,investissement,dépense,6000,,,,,,,,,,,,,,,2021-02-18T15:12:10.446000,602e748dc94ca760c6c0f579,64f9c99c-db8d-4157-993e-5e317f9bf37b,bauge-en-anjou
20005270200012,PATRIMOINE,2135,21 - Immobilisations corporelles,02093,investissement,dépense,300000,,,,,,,,,,,,,,,2021-02-18T15:12:10.446000,602e748dc94ca760c6c0f579,64f9c99c-db8d-4157-993e-5e317f9bf37b,bauge-en-anjou
20005270200012,ECONOMIE,2132,21 - Immobilisations corporelles,90000,investissement,dépense,10000,,,,,,,,,,,,,,,2021-02-18T15:12:10.446000,602e748dc94ca760c6c0f579,64f9c99c-db8d-4157-993e-5e317f9bf37b,bauge-en-anjou
20005270200012,EQUIPEMENT,2128,21 - Immobilisations corporelles,95000,investissement,dépense,10000,,,,,,,,,,,,,,,2021-02-18T15:12:10.446000,602e748dc94ca760c6c0f579,64f9c99c-db8d-4157-993e-5e317f9bf37b,bauge-en-anjou
20005270200012,PATRIMOINE,21318,21 - Immobilisations corporelles,02090,investissement,dépense,1500,,,,,,,,,,,,,,,2021-02-18T15:12:10.446000,602e748dc94ca760c6c0f579,64f9c99c-db8d-4157-993e-5e317f9bf37b,bauge-en-anjou
20005270200012,TOURISME,21318,21 - Immobilisations corporelles,02050,investissement,dépense,74500,,,,,,,,,,,,,,,2021-02-18T15:12:10.446000,602e748dc94ca760c6c0f579,64f9c99c-db8d-4157-993e-5e317f9bf37b,bauge-en-anjou
20005270200012,TOURISME,21318,21 - Immobilisations corporelles,02050,investissement,dépense,35000,,,,,,,,,,,,,,,2021-02-18T15:12:10.446000,602e748dc94ca760c6c0f579,64f9c99c-db8d-4157-993e-5e317f9bf37b,bauge-en-anjou
20005270200012,PATRIMOINE,21318,21 - Immobilisations corporelles,02040,investissement,dépense,3000,,,,,,,,,,,,,,,2021-02-18T15:12:10.446000,602e748dc94ca760c6c0f579,64f9c99c-db8d-4157-993e-5e317f9bf37b,bauge-en-anjou
20005270200012,PATRIMOINE,21318,21 - Immobilisations corporelles,02040,investissement,dépense,100000,,,,,,,,,,,,,,,2021-02-18T15:12:10.446000,602e748dc94ca760c6c0f579,64f9c99c-db8d-4157-993e-5e317f9bf37b,bauge-en-anjou
20005270200012,PATRIMOINE,21318,21 - Immobilisations corporelles,02040,investissement,dépense,300000,,,,,,,,,,,,,,,2021-02-18T15:12:10.446000,602e748dc94ca760c6c0f579,64f9c99c-db8d-4157-993e-5e317f9bf37b,bauge-en-anjou
20005270200012,VOIRIEEV,21316,21 - Immobilisations corporelles,02600,investissement,dépense,600,,,,,,,,,,,,,,,2021-02-18T15:12:10.446000,602e748dc94ca760c6c0f579,64f9c99c-db8d-4157-993e-5e317f9bf37b,bauge-en-anjou
20005270200012,VOIRIEEV,21316,21 - Immobilisations corporelles,02600,investissement,dépense,4000,,,,,,,,,,,,,,,2021-02-18T15:12:10.446000,602e748dc94ca760c6c0f579,64f9c99c-db8d-4157-993e-5e317f9bf37b,bauge-en-anjou
20005270200012,VOIRIEEV,21316,21 - Immobilisations corporelles,02600,investissement,dépense,5500,,,,,,,,,,,,,,,2021-02-18T15:12:10.446000,602e748dc94ca760c6c0f579,64f9c99c-db8d-4157-993e-5e317f9bf37b,bauge-en-anjou
20005270200012,VOIRIEEV,21316,21 - Immobilisations corporelles,02600,investissement,dépense,20000,,,,,,,,,,,,,,,2021-02-18T15:12:10.446000,602e748dc94ca760c6c0f579,64f9c99c-db8d-4157-993e-5e317f9bf37b,bauge-en-anjou
20005270200012,ENFANCE,21312,21 - Immobilisations corporelles,21000,investissement,dépense,24000,,,,,,,,,,,,,,,2021-02-18T15:12:10.446000,602e748dc94ca760c6c0f579,64f9c99c-db8d-4157-993e-5e317f9bf37b,bauge-en-anjou
20005270200012,ENFANCE,21312,21 - Immobilisations corporelles,21000,investissement,dépense,8000,,,,,,,,,,,,,,,2021-02-18T15:12:10.446000,602e748dc94ca760c6c0f579,64f9c99c-db8d-4157-993e-5e317f9bf37b,bauge-en-anjou
20005270200012,ENFANCE,21312,21 - Immobilisations corporelles,21000,investissement,dépense,21600,,,,,,,,,,,,,,,2021-02-18T15:12:10.446000,602e748dc94ca760c6c0f579,64f9c99c-db8d-4157-993e-5e317f9bf37b,bauge-en-anjou
20005270200012,PATRIMOINE,21311,21 - Immobilisations corporelles,02080,investissement,dépense,10000,,,,,,,,,,,,,,,2021-02-18T15:12:10.446000,602e748dc94ca760c6c0f579,64f9c99c-db8d-4157-993e-5e317f9bf37b,bauge-en-anjou
20005270200012,PATRIMOINE,21311,21 - Immobilisations corporelles,02080,investissement,dépense,6000,,,,,,,,,,,,,,,2021-02-18T15:12:10.446000,602e748dc94ca760c6c0f579,64f9c99c-db8d-4157-993e-5e317f9bf37b,bauge-en-anjou
20005270200012,PATRIMOINE,21311,21 - Immobilisations corporelles,02080,investissement,dépense,4600,,,,,,,,,,,,,,,2021-02-18T15:12:10.446000,602e748dc94ca760c6c0f579,64f9c99c-db8d-4157-993e-5e317f9bf37b,bauge-en-anjou
20005270200012,PATRIMOINE,21311,21 - Immobilisations corporelles,02080,investissement,dépense,3000,,,,,,,,,,,,,,,2021-02-18T15:12:10.446000,602e748dc94ca760c6c0f579,64f9c99c-db8d-4157-993e-5e317f9bf37b,bauge-en-anjou
20005270200012,PATRIMOINE,21311,21 - Immobilisations corporelles,02080,investissement,dépense,25000,,,,,,,,,,,,,,,2021-02-18T15:12:10.446000,602e748dc94ca760c6c0f579,64f9c99c-db8d-4157-993e-5e317f9bf37b,bauge-en-anjou
20005270200012,PATRIMOINE,21318,21 - Immobilisations corporelles,02090,investissement,dépense,15000,,,,,,,,,,,,,,,2021-02-18T15:12:10.446000,602e748dc94ca760c6c0f579,64f9c99c-db8d-4157-993e-5e317f9bf37b,bauge-en-anjou
20005270200012,PATRIMOINE,21318,21 - Immobilisations corporelles,02090,investissement,dépense,5000,,,,,,,,,,,,,,,2021-02-18T15:12:10.446000,602e748dc94ca760c6c0f579,64f9c99c-db8d-4157-993e-5e317f9bf37b,bauge-en-anjou
20005270200012,ECONOMIE,2132,21 - Immobilisations corporelles,90000,investissement,dépense,27000,,,,,,,,,,,,,,,2021-02-18T15:12:10.446000,602e748dc94ca760c6c0f579,64f9c99c-db8d-4157-993e-5e317f9bf37b,bauge-en-anjou
20005270200012,ECONOMIE,2132,21 - Immobilisations corporelles,90000,investissement,dépense,20500,,,,,,,,,,,,,,,2021-02-18T15:12:10.446000,602e748dc94ca760c6c0f579,64f9c99c-db8d-4157-993e-5e317f9bf37b,bauge-en-anjou
20005270200012,EQUIPEMENT,21318,21 - Immobilisations corporelles,95000,investissement,dépense,3400,,,,,,,,,,,,,,,2021-02-18T15:12:10.446000,602e748dc94ca760c6c0f579,64f9c99c-db8d-4157-993e-5e317f9bf37b,bauge-en-anjou
20005270200012,EQUIPEMENT,21318,21 - Immobilisations corporelles,95000,investissement,dépense,650,,,,,,,,,,,,,,,2021-02-18T15:12:10.446000,602e748dc94ca760c6c0f579,64f9c99c-db8d-4157-993e-5e317f9bf37b,bauge-en-anjou
20005270200012,SPORTIVE,21318,21 - Immobilisations corporelles,40000,investissement,dépense,10400,,,,,,,,,,,,,,,2021-02-18T15:12:10.446000,602e748dc94ca760c6c0f579,64f9c99c-db8d-4157-993e-5e317f9bf37b,bauge-en-anjou
20005270200012,SPORTIVE,21318,21 - Immobilisations corporelles,40000,investissement,dépense,6000,,,,,,,,,,,,,,,2021-02-18T15:12:10.446000,602e748dc94ca760c6c0f579,64f9c99c-db8d-4157-993e-5e317f9bf37b,bauge-en-anjou
20005270200012,SPORTIVE,21318,21 - Immobilisations corporelles,40000,investissement,dépense,700,,,,,,,,,,,,,,,2021-02-18T15:12:10.446000,602e748dc94ca760c6c0f579,64f9c99c-db8d-4157-993e-5e317f9bf37b,bauge-en-anjou
20005270200012,TOURISME,21318,21 - Immobilisations corporelles,33100,investissement,dépense,626000,,,,,,,,,,,,,,,2021-02-18T15:12:10.446000,602e748dc94ca760c6c0f579,64f9c99c-db8d-4157-993e-5e317f9bf37b,bauge-en-anjou
20005270200012,PATRIMOINE,21318,21 - Immobilisations corporelles,33100,investissement,dépense,3600,,,,,,,,,,,,,,,2021-02-18T15:12:10.446000,602e748dc94ca760c6c0f579,64f9c99c-db8d-4157-993e-5e317f9bf37b,bauge-en-anjou
20005270200012,PATRIMOINE,21318,21 - Immobilisations corporelles,12000,investissement,dépense,6000,,,,,,,,,,,,,,,2021-02-18T15:12:10.446000,602e748dc94ca760c6c0f579,64f9c99c-db8d-4157-993e-5e317f9bf37b,bauge-en-anjou
20005270200012,PATRIMOINE,21318,21 - Immobilisations corporelles,03100,investissement,dépense,411000,,,,,,,,,,,,,,,2021-02-18T15:12:10.446000,602e748dc94ca760c6c0f579,64f9c99c-db8d-4157-993e-5e317f9bf37b,bauge-en-anjou
20005270200012,PATRIMOINE,21318,21 - Immobilisations corporelles,02096,investissement,dépense,1500,,,,,,,,,,,,,,,2021-02-18T15:12:10.446000,602e748dc94ca760c6c0f579,64f9c99c-db8d-4157-993e-5e317f9bf37b,bauge-en-anjou
20005270200012,PATRIMOINE,21318,21 - Immobilisations corporelles,02096,investissement,dépense,9000,,,,,,,,,,,,,,,2021-02-18T15:12:10.446000,602e748dc94ca760c6c0f579,64f9c99c-db8d-4157-993e-5e317f9bf37b,bauge-en-anjou
20005270200012,PATRIMOINE,21318,21 - Immobilisations corporelles,02096,investissement,dépense,18600,,,,,,,,,,,,,,,2021-02-18T15:12:10.446000,602e748dc94ca760c6c0f579,64f9c99c-db8d-4157-993e-5e317f9bf37b,bauge-en-anjou
20005270200012,PATRIMOINE,21318,21 - Immobilisations corporelles,02096,investissement,dépense,5000,,,,,,,,,,,,,,,2021-02-18T15:12:10.446000,602e748dc94ca760c6c0f579,64f9c99c-db8d-4157-993e-5e317f9bf37b,bauge-en-anjou
20005270200012,PATRIMOINE,21318,21 - Immobilisations corporelles,02096,investissement,dépense,57400,,,,,,,,,,,,,,,2021-02-18T15:12:10.446000,602e748dc94ca760c6c0f579,64f9c99c-db8d-4157-993e-5e317f9bf37b,bauge-en-anjou
20005270200012,PATRIMOINE,21318,21 - Immobilisations corporelles,02096,investissement,dépense,975000,,,,,,,,,,,,,,,2021-02-18T15:12:10.446000,602e748dc94ca760c6c0f579,64f9c99c-db8d-4157-993e-5e317f9bf37b,bauge-en-anjou
20005270200012,ENVIRONNEM,4582,4582 - Opérations sous mandat,81000,investissement,recette,30000,,,,,,,,,,,,,,,2021-02-18T15:12:10.446000,602e748dc94ca760c6c0f579,64f9c99c-db8d-4157-993e-5e317f9bf37b,bauge-en-anjou
